0,1,248,177,0,255
0,9,248,177,0,255
1,2,248,177,0,255
2,3,248,177,0,255
3,4,248,177,0,255
4,5,248,177,0,255
5,6,248,177,0,255
6,7,248,177,0,255
7,8,248,177,0,255
8,9,248,177,0,255
10,11,199,56,232,0
10,14,199,56,232,0
11,12,199,56,232,0
12,13,199,56,232,0
13,14,199,56,232,0
15,16,128,128,128,100
15,17,128,128,128,100
15,18,128,128,128,100
15,20,128,128,128,100
15,23,128,128,128,100
16,18,128,128,128,100
16,19,128,128,128,100
16,21,128,128,128,100
16,24,128,128,128,100
17,20,128,128,128,100
17,22,128,128,128,100
17,25,128,128,128,100
18,21,128,128,128,100
18,23,128,128,128,100
18,26,128,128,128,100
19,22,128,128,128,100
19,24,128,128,128,100
19,27,128,128,128,100
20,23,128,128,128,100
20,25,128,128,128,100
20,28,128,128,128,100
20,33,128,128,128,100
21,26,128,128,128,100
21,29,128,128,128,100
21,34,128,128,128,100
22,27,128,128,128,100
22,30,128,128,128,100
22,35,128,128,128,100
23,28,128,128,128,100
23,31,128,128,128,100
23,36,128,128,128,100
24,29,128,128,128,100
24,32,128,128,128,100
24,37,128,128,128,100
25,30,128,128,128,100
25,33,128,128,128,100
25,38,128,128,128,100
26,31,128,128,128,100
26,34,128,128,128,100
26,39,128,128,128,100
27,32,128,128,128,100
27,35,128,128,128,100
27,40,128,128,128,100
28,33,128,128,128,100
28,36,128,128,128,100
28,41,128,128,128,100
29,34,128,128,128,100
29,37,128,128,128,100
29,42,128,128,128,100
30,35,128,128,128,100
30,38,128,128,128,100
30,43,128,128,128,100
31,36,128,128,128,100
31,39,128,128,128,100
31,44,128,128,128,100
32,37,128,128,128,100
32,40,128,128,128,100
32,45,128,128,128,100
33,38,128,128,128,100
33,41,128,128,128,100
33,46,128,128,128,100
34,39,128,128,128,100
34,42,128,128,128,100
34,47,128,128,128,100
35,40,128,128,128,100
35,43,128,128,128,100
35,48,128,128,128,100
36,41,128,128,128,100
36,44,128,128,128,100
36,49,128,128,128,100
37,42,128,128,128,100
37,45,128,128,128,100
37,50,128,128,128,100
38,43,128,128,128,100
38,46,128,128,128,100
38,51,128,128,128,100
39,44,128,128,128,100
39,47,128,128,128,100
39,52,128,128,128,100
40,45,128,128,128,100
40,48,128,128,128,100
40,53,128,128,128,100
41,46,128,128,128,100
41,49,128,128,128,100
41,54,128,128,128,100
42,47,128,128,128,100
42,50,128,128,128,100
42,55,128,128,128,100
43,48,128,128,128,100
43,51,128,128,128,100
43,56,128,128,128,100
44,49,128,128,128,100
44,52,128,128,128,100
44,57,128,128,128,100
45,50,128,128,128,100
45,53,128,128,128,100
45,58,128,128,128,100
46,51,128,128,128,100
46,54,128,128,128,100
46,59,128,128,128,100
47,52,128,128,128,100
47,55,128,128,128,100
48,53,128,128,128,100
48,56,128,128,128,100
49,54,128,128,128,100
49,57,128,128,128,100
50,55,128,128,128,100
50,58,128,128,128,100
51,56,128,128,128,100
51,59,128,128,128,100
52,57,128,128,128,100
52,60,128,128,128,100
53,58,128,128,128,100
53,61,128,128,128,100
54,59,128,128,128,100
54,62,128,128,128,100
55,60,128,128,128,100
55,63,128,128,128,100
56,59,128,128,128,100
56,61,128,128,128,100
56,64,128,128,128,100
57,60,128,128,128,100
57,62,128,128,128,100
58,61,128,128,128,100
58,63,128,128,128,100
59,62,128,128,128,100
59,64,128,128,128,100
60,63,128,128,128,100
61,63,128,128,128,100
61,64,128,128,128,100
62,64,128,128,128,100
63,64,128,128,128,100
65,66,128,128,128,100
65,67,128,128,128,100
65,68,128,128,128,100
65,70,128,128,128,100
65,73,128,128,128,100
66,68,128,128,128,100
66,69,128,128,128,100
66,71,128,128,128,100
66,74,128,128,128,100
67,70,128,128,128,100
67,72,128,128,128,100
67,75,128,128,128,100
68,71,128,128,128,100
68,73,128,128,128,100
68,76,128,128,128,100
69,72,128,128,128,100
69,74,128,128,128,100
69,77,128,128,128,100
70,73,128,128,128,100
70,75,128,128,128,100
70,78,128,128,128,100
70,83,128,128,128,100
71,76,128,128,128,100
71,79,128,128,128,100
71,84,128,128,128,100
72,77,128,128,128,100
72,80,128,128,128,100
72,85,128,128,128,100
73,78,128,128,128,100
73,81,128,128,128,100
73,86,128,128,128,100
74,79,128,128,128,100
74,82,128,128,128,100
74,87,128,128,128,100
75,80,128,128,128,100
75,83,128,128,128,100
75,88,128,128,128,100
76,81,128,128,128,100
76,84,128,128,128,100
76,89,128,128,128,100
77,82,128,128,128,100
77,85,128,128,128,100
77,90,128,128,128,100
78,83,128,128,128,100
78,86,128,128,128,100
78,91,128,128,128,100
79,84,128,128,128,100
79,87,128,128,128,100
79,92,128,128,128,100
80,85,128,128,128,100
80,88,128,128,128,100
80,93,128,128,128,100
81,86,128,128,128,100
81,89,128,128,128,100
81,94,128,128,128,100
82,87,128,128,128,100
82,90,128,128,128,100
82,95,128,128,128,100
83,88,128,128,128,100
83,91,128,128,128,100
83,96,128,128,128,100
84,89,128,128,128,100
84,92,128,128,128,100
84,97,128,128,128,100
85,90,128,128,128,100
85,93,128,128,128,100
85,98,128,128,128,100
86,91,128,128,128,100
86,94,128,128,128,100
86,99,128,128,128,100
87,92,128,128,128,100
87,95,128,128,128,100
87,100,128,128,128,100
88,93,128,128,128,100
88,96,128,128,128,100
88,101,128,128,128,100
89,94,128,128,128,100
89,97,128,128,128,100
89,102,128,128,128,100
90,95,128,128,128,100
90,98,128,128,128,100
90,103,128,128,128,100
91,96,128,128,128,100
91,99,128,128,128,100
91,104,128,128,128,100
92,97,128,128,128,100
92,100,128,128,128,100
92,105,128,128,128,100
93,98,128,128,128,100
93,101,128,128,128,100
93,106,128,128,128,100
94,99,128,128,128,100
94,102,128,128,128,100
94,107,128,128,128,100
95,100,128,128,128,100
95,103,128,128,128,100
95,108,128,128,128,100
96,101,128,128,128,100
96,104,128,128,128,100
96,109,128,128,128,100
97,102,128,128,128,100
97,105,128,128,128,100
98,103,128,128,128,100
98,106,128,128,128,100
99,104,128,128,128,100
99,107,128,128,128,100
100,105,128,128,128,100
100,108,128,128,128,100
101,106,128,128,128,100
101,109,128,128,128,100
102,107,128,128,128,100
102,110,128,128,128,100
103,108,128,128,128,100
103,111,128,128,128,100
104,109,128,128,128,100
104,112,128,128,128,100
105,110,128,128,128,100
105,113,128,128,128,100
106,109,128,128,128,100
106,111,128,128,128,100
106,114,128,128,128,100
107,110,128,128,128,100
107,112,128,128,128,100
108,111,128,128,128,100
108,113,128,128,128,100
109,112,128,128,128,100
109,114,128,128,128,100
110,113,128,128,128,100
111,113,128,128,128,100
111,114,128,128,128,100
112,114,128,128,128,100
113,114,128,128,128,100
115,116,128,128,128,100
115,117,128,128,128,100
115,118,128,128,128,100
115,120,128,128,128,100
115,123,128,128,128,100
116,118,128,128,128,100
116,119,128,128,128,100
116,121,128,128,128,100
116,124,128,128,128,100
117,120,128,128,128,100
117,122,128,128,128,100
117,125,128,128,128,100
118,121,128,128,128,100
118,123,128,128,128,100
118,126,128,128,128,100
119,122,128,128,128,100
119,124,128,128,128,100
119,127,128,128,128,100
120,123,128,128,128,100
120,125,128,128,128,100
120,128,128,128,128,100
120,133,128,128,128,100
121,126,128,128,128,100
121,129,128,128,128,100
121,134,128,128,128,100
122,127,128,128,128,100
122,130,128,128,128,100
122,135,128,128,128,100
123,128,128,128,128,100
123,131,128,128,128,100
123,136,128,128,128,100
124,129,128,128,128,100
124,132,128,128,128,100
124,137,128,128,128,100
125,130,128,128,128,100
125,133,128,128,128,100
125,138,128,128,128,100
126,131,128,128,128,100
126,134,128,128,128,100
126,139,128,128,128,100
127,132,128,128,128,100
127,135,128,128,128,100
127,140,128,128,128,100
128,133,128,128,128,100
128,136,128,128,128,100
128,141,128,128,128,100
129,134,128,128,128,100
129,137,128,128,128,100
129,142,128,128,128,100
130,135,128,128,128,100
130,138,128,128,128,100
130,143,128,128,128,100
131,136,128,128,128,100
131,139,128,128,128,100
131,144,128,128,128,100
132,137,128,128,128,100
132,140,128,128,128,100
132,145,128,128,128,100
133,138,128,128,128,100
133,141,128,128,128,100
133,146,128,128,128,100
134,139,128,128,128,100
134,142,128,128,128,100
134,147,128,128,128,100
135,140,128,128,128,100
135,143,128,128,128,100
135,148,128,128,128,100
136,141,128,128,128,100
136,144,128,128,128,100
136,149,128,128,128,100
137,142,128,128,128,100
137,145,128,128,128,100
137,150,128,128,128,100
138,143,128,128,128,100
138,146,128,128,128,100
138,151,128,128,128,100
139,144,128,128,128,100
139,147,128,128,128,100
139,152,128,128,128,100
140,145,128,128,128,100
140,148,128,128,128,100
140,153,128,128,128,100
141,146,128,128,128,100
141,149,128,128,128,100
141,154,128,128,128,100
142,147,128,128,128,100
142,150,128,128,128,100
142,155,128,128,128,100
143,148,128,128,128,100
143,151,128,128,128,100
143,156,128,128,128,100
144,149,128,128,128,100
144,152,128,128,128,100
144,157,128,128,128,100
145,150,128,128,128,100
145,153,128,128,128,100
145,158,128,128,128,100
146,151,128,128,128,100
146,154,128,128,128,100
146,159,128,128,128,100
147,152,128,128,128,100
147,155,128,128,128,100
148,153,128,128,128,100
148,156,128,128,128,100
149,154,128,128,128,100
149,157,128,128,128,100
150,155,128,128,128,100
150,158,128,128,128,100
151,156,128,128,128,100
151,159,128,128,128,100
152,157,128,128,128,100
152,160,128,128,128,100
153,158,128,128,128,100
153,161,128,128,128,100
154,159,128,128,128,100
154,162,128,128,128,100
155,160,128,128,128,100
155,163,128,128,128,100
156,159,128,128,128,100
156,161,128,128,128,100
156,164,128,128,128,100
157,160,128,128,128,100
157,162,128,128,128,100
158,161,128,128,128,100
158,163,128,128,128,100
159,162,128,128,128,100
159,164,128,128,128,100
160,163,128,128,128,100
161,163,128,128,128,100
161,164,128,128,128,100
162,164,128,128,128,100
163,164,128,128,128,100
165,166,128,128,128,100
165,167,128,128,128,100
165,168,128,128,128,100
165,170,128,128,128,100
165,173,128,128,128,100
166,168,128,128,128,100
166,169,128,128,128,100
166,171,128,128,128,100
166,174,128,128,128,100
167,170,128,128,128,100
167,172,128,128,128,100
167,175,128,128,128,100
168,171,128,128,128,100
168,173,128,128,128,100
168,176,128,128,128,100
169,172,128,128,128,100
169,174,128,128,128,100
169,177,128,128,128,100
170,173,128,128,128,100
170,175,128,128,128,100
170,178,128,128,128,100
170,183,128,128,128,100
171,176,128,128,128,100
171,179,128,128,128,100
171,184,128,128,128,100
172,177,128,128,128,100
172,180,128,128,128,100
172,185,128,128,128,100
173,178,128,128,128,100
173,181,128,128,128,100
173,186,128,128,128,100
174,179,128,128,128,100
174,182,128,128,128,100
174,187,128,128,128,100
175,180,128,128,128,100
175,183,128,128,128,100
175,188,128,128,128,100
176,181,128,128,128,100
176,184,128,128,128,100
176,189,128,128,128,100
177,182,128,128,128,100
177,185,128,128,128,100
177,190,128,128,128,100
178,183,128,128,128,100
178,186,128,128,128,100
178,191,128,128,128,100
179,184,128,128,128,100
179,187,128,128,128,100
179,192,128,128,128,100
180,185,128,128,128,100
180,188,128,128,128,100
180,193,128,128,128,100
181,186,128,128,128,100
181,189,128,128,128,100
181,194,128,128,128,100
182,187,128,128,128,100
182,190,128,128,128,100
182,195,128,128,128,100
183,188,128,128,128,100
183,191,128,128,128,100
183,196,128,128,128,100
184,189,128,128,128,100
184,192,128,128,128,100
184,197,128,128,128,100
185,190,128,128,128,100
185,193,128,128,128,100
185,198,128,128,128,100
186,191,128,128,128,100
186,194,128,128,128,100
186,199,128,128,128,100
187,192,128,128,128,100
187,195,128,128,128,100
187,200,128,128,128,100
188,193,128,128,128,100
188,196,128,128,128,100
188,201,128,128,128,100
189,194,128,128,128,100
189,197,128,128,128,100
189,202,128,128,128,100
190,195,128,128,128,100
190,198,128,128,128,100
190,203,128,128,128,100
191,196,128,128,128,100
191,199,128,128,128,100
191,204,128,128,128,100
192,197,128,128,128,100
192,200,128,128,128,100
192,205,128,128,128,100
193,198,128,128,128,100
193,201,128,128,128,100
193,206,128,128,128,100
194,199,128,128,128,100
194,202,128,128,128,100
194,207,128,128,128,100
195,200,128,128,128,100
195,203,128,128,128,100
195,208,128,128,128,100
196,201,128,128,128,100
196,204,128,128,128,100
196,209,128,128,128,100
197,202,128,128,128,100
197,205,128,128,128,100
198,203,128,128,128,100
198,206,128,128,128,100
199,204,128,128,128,100
199,207,128,128,128,100
200,205,128,128,128,100
200,208,128,128,128,100
201,206,128,128,128,100
201,209,128,128,128,100
202,207,128,128,128,100
202,210,128,128,128,100
203,208,128,128,128,100
203,211,128,128,128,100
204,209,128,128,128,100
204,212,128,128,128,100
205,210,128,128,128,100
205,213,128,128,128,100
206,209,128,128,128,100
206,211,128,128,128,100
206,214,128,128,128,100
207,210,128,128,128,100
207,212,128,128,128,100
208,211,128,128,128,100
208,213,128,128,128,100
209,212,128,128,128,100
209,214,128,128,128,100
210,213,128,128,128,100
211,213,128,128,128,100
211,214,128,128,128,100
212,214,128,128,128,100
213,214,128,128,128,100
215,216,128,128,128,100
215,217,128,128,128,100
215,218,128,128,128,100
215,220,128,128,128,100
215,223,128,128,128,100
216,218,128,128,128,100
216,219,128,128,128,100
216,221,128,128,128,100
216,224,128,128,128,100
217,220,128,128,128,100
217,222,128,128,128,100
217,225,128,128,128,100
218,221,128,128,128,100
218,223,128,128,128,100
218,226,128,128,128,100
219,222,128,128,128,100
219,224,128,128,128,100
219,227,128,128,128,100
220,223,128,128,128,100
220,225,128,128,128,100
220,228,128,128,128,100
220,233,128,128,128,100
221,226,128,128,128,100
221,229,128,128,128,100
221,234,128,128,128,100
222,227,128,128,128,100
222,230,128,128,128,100
222,235,128,128,128,100
223,228,128,128,128,100
223,231,128,128,128,100
223,236,128,128,128,100
224,229,128,128,128,100
224,232,128,128,128,100
224,237,128,128,128,100
225,230,128,128,128,100
225,233,128,128,128,100
225,238,128,128,128,100
226,231,128,128,128,100
226,234,128,128,128,100
226,239,128,128,128,100
227,232,128,128,128,100
227,235,128,128,128,100
227,240,128,128,128,100
228,233,128,128,128,100
228,236,128,128,128,100
228,241,128,128,128,100
229,234,128,128,128,100
229,237,128,128,128,100
229,242,128,128,128,100
230,235,128,128,128,100
230,238,128,128,128,100
230,243,128,128,128,100
231,236,128,128,128,100
231,239,128,128,128,100
231,244,128,128,128,100
232,237,128,128,128,100
232,240,128,128,128,100
232,245,128,128,128,100
233,238,128,128,128,100
233,241,128,128,128,100
233,246,128,128,128,100
234,239,128,128,128,100
234,242,128,128,128,100
234,247,128,128,128,100
235,240,128,128,128,100
235,243,128,128,128,100
235,248,128,128,128,100
236,241,128,128,128,100
236,244,128,128,128,100
236,249,128,128,128,100
237,242,128,128,128,100
237,245,128,128,128,100
237,250,128,128,128,100
238,243,128,128,128,100
238,246,128,128,128,100
238,251,128,128,128,100
239,244,128,128,128,100
239,247,128,128,128,100
239,252,128,128,128,100
240,245,128,128,128,100
240,248,128,128,128,100
240,253,128,128,128,100
241,246,128,128,128,100
241,249,128,128,128,100
241,254,128,128,128,100
242,247,128,128,128,100
242,250,128,128,128,100
242,255,128,128,128,100
243,248,128,128,128,100
243,251,128,128,128,100
243,256,128,128,128,100
244,249,128,128,128,100
244,252,128,128,128,100
244,257,128,128,128,100
245,250,128,128,128,100
245,253,128,128,128,100
245,258,128,128,128,100
246,251,128,128,128,100
246,254,128,128,128,100
246,259,128,128,128,100
247,252,128,128,128,100
247,255,128,128,128,100
248,253,128,128,128,100
248,256,128,128,128,100
249,254,128,128,128,100
249,257,128,128,128,100
250,255,128,128,128,100
250,258,128,128,128,100
251,256,128,128,128,100
251,259,128,128,128,100
252,257,128,128,128,100
252,260,128,128,128,100
253,258,128,128,128,100
253,261,128,128,128,100
254,259,128,128,128,100
254,262,128,128,128,100
255,260,128,128,128,100
255,263,128,128,128,100
256,259,128,128,128,100
256,261,128,128,128,100
256,264,128,128,128,100
257,260,128,128,128,100
257,262,128,128,128,100
258,261,128,128,128,100
258,263,128,128,128,100
259,262,128,128,128,100
259,264,128,128,128,100
260,263,128,128,128,100
261,263,128,128,128,100
261,264,128,128,128,100
262,264,128,128,128,100
263,264,128,128,128,100
265,266,128,128,128,100
265,267,128,128,128,100
265,268,128,128,128,100
265,270,128,128,128,100
265,273,128,128,128,100
266,268,128,128,128,100
266,269,128,128,128,100
266,271,128,128,128,100
266,274,128,128,128,100
267,270,128,128,128,100
267,272,128,128,128,100
267,275,128,128,128,100
268,271,128,128,128,100
268,273,128,128,128,100
268,276,128,128,128,100
269,272,128,128,128,100
269,274,128,128,128,100
269,277,128,128,128,100
270,273,128,128,128,100
270,275,128,128,128,100
270,278,128,128,128,100
270,283,128,128,128,100
271,276,128,128,128,100
271,279,128,128,128,100
271,284,128,128,128,100
272,277,128,128,128,100
272,280,128,128,128,100
272,285,128,128,128,100
273,278,128,128,128,100
273,281,128,128,128,100
273,286,128,128,128,100
274,279,128,128,128,100
274,282,128,128,128,100
274,287,128,128,128,100
275,280,128,128,128,100
275,283,128,128,128,100
275,288,128,128,128,100
276,281,128,128,128,100
276,284,128,128,128,100
276,289,128,128,128,100
277,282,128,128,128,100
277,285,128,128,128,100
277,290,128,128,128,100
278,283,128,128,128,100
278,286,128,128,128,100
278,291,128,128,128,100
279,284,128,128,128,100
279,287,128,128,128,100
279,292,128,128,128,100
280,285,128,128,128,100
280,288,128,128,128,100
280,293,128,128,128,100
281,286,128,128,128,100
281,289,128,128,128,100
281,294,128,128,128,100
282,287,128,128,128,100
282,290,128,128,128,100
282,295,128,128,128,100
283,288,128,128,128,100
283,291,128,128,128,100
283,296,128,128,128,100
284,289,128,128,128,100
284,292,128,128,128,100
284,297,128,128,128,100
285,290,128,128,128,100
285,293,128,128,128,100
285,298,128,128,128,100
286,291,128,128,128,100
286,294,128,128,128,100
286,299,128,128,128,100
287,292,128,128,128,100
287,295,128,128,128,100
287,300,128,128,128,100
288,293,128,128,128,100
288,296,128,128,128,100
288,301,128,128,128,100
289,294,128,128,128,100
289,297,128,128,128,100
289,302,128,128,128,100
290,295,128,128,128,100
290,298,128,128,128,100
290,303,128,128,128,100
291,296,128,128,128,100
291,299,128,128,128,100
291,304,128,128,128,100
292,297,128,128,128,100
292,300,128,128,128,100
292,305,128,128,128,100
293,298,128,128,128,100
293,301,128,128,128,100
293,306,128,128,128,100
294,299,128,128,128,100
294,302,128,128,128,100
294,307,128,128,128,100
295,300,128,128,128,100
295,303,128,128,128,100
295,308,128,128,128,100
296,301,128,128,128,100
296,304,128,128,128,100
296,309,128,128,128,100
297,302,128,128,128,100
297,305,128,128,128,100
298,303,128,128,128,100
298,306,128,128,128,100
299,304,128,128,128,100
299,307,128,128,128,100
300,305,128,128,128,100
300,308,128,128,128,100
301,306,128,128,128,100
301,309,128,128,128,100
302,307,128,128,128,100
302,310,128,128,128,100
303,308,128,128,128,100
303,311,128,128,128,100
304,309,128,128,128,100
304,312,128,128,128,100
305,310,128,128,128,100
305,313,128,128,128,100
306,309,128,128,128,100
306,311,128,128,128,100
306,314,128,128,128,100
307,310,128,128,128,100
307,312,128,128,128,100
308,311,128,128,128,100
308,313,128,128,128,100
309,312,128,128,128,100
309,314,128,128,128,100
310,313,128,128,128,100
311,313,128,128,128,100
311,314,128,128,128,100
312,314,128,128,128,100
313,314,128,128,128,100
315,316,128,128,128,100
315,317,128,128,128,100
315,318,128,128,128,100
315,320,128,128,128,100
315,323,128,128,128,100
316,318,128,128,128,100
316,319,128,128,128,100
316,321,128,128,128,100
316,324,128,128,128,100
317,320,128,128,128,100
317,322,128,128,128,100
317,325,128,128,128,100
318,321,128,128,128,100
318,323,128,128,128,100
318,326,128,128,128,100
319,322,128,128,128,100
319,324,128,128,128,100
319,327,128,128,128,100
320,323,128,128,128,100
320,325,128,128,128,100
320,328,128,128,128,100
320,333,128,128,128,100
321,326,128,128,128,100
321,329,128,128,128,100
321,334,128,128,128,100
322,327,128,128,128,100
322,330,128,128,128,100
322,335,128,128,128,100
323,328,128,128,128,100
323,331,128,128,128,100
323,336,128,128,128,100
324,329,128,128,128,100
324,332,128,128,128,100
324,337,128,128,128,100
325,330,128,128,128,100
325,333,128,128,128,100
325,338,128,128,128,100
326,331,128,128,128,100
326,334,128,128,128,100
326,339,128,128,128,100
327,332,128,128,128,100
327,335,128,128,128,100
327,340,128,128,128,100
328,333,128,128,128,100
328,336,128,128,128,100
328,341,128,128,128,100
329,334,128,128,128,100
329,337,128,128,128,100
329,342,128,128,128,100
330,335,128,128,128,100
330,338,128,128,128,100
330,343,128,128,128,100
331,336,128,128,128,100
331,339,128,128,128,100
331,344,128,128,128,100
332,337,128,128,128,100
332,340,128,128,128,100
332,345,128,128,128,100
333,338,128,128,128,100
333,341,128,128,128,100
333,346,128,128,128,100
334,339,128,128,128,100
334,342,128,128,128,100
334,347,128,128,128,100
335,340,128,128,128,100
335,343,128,128,128,100
335,348,128,128,128,100
336,341,128,128,128,100
336,344,128,128,128,100
336,349,128,128,128,100
337,342,128,128,128,100
337,345,128,128,128,100
337,350,128,128,128,100
338,343,128,128,128,100
338,346,128,128,128,100
338,351,128,128,128,100
339,344,128,128,128,100
339,347,128,128,128,100
339,352,128,128,128,100
340,345,128,128,128,100
340,348,128,128,128,100
340,353,128,128,128,100
341,346,128,128,128,100
341,349,128,128,128,100
341,354,128,128,128,100
342,347,128,128,128,100
342,350,128,128,128,100
342,355,128,128,128,100
343,348,128,128,128,100
343,351,128,128,128,100
343,356,128,128,128,100
344,349,128,128,128,100
344,352,128,128,128,100
344,357,128,128,128,100
345,350,128,128,128,100
345,353,128,128,128,100
345,358,128,128,128,100
346,351,128,128,128,100
346,354,128,128,128,100
346,359,128,128,128,100
347,352,128,128,128,100
347,355,128,128,128,100
348,353,128,128,128,100
348,356,128,128,128,100
349,354,128,128,128,100
349,357,128,128,128,100
350,355,128,128,128,100
350,358,128,128,128,100
351,356,128,128,128,100
351,359,128,128,128,100
352,357,128,128,128,100
352,360,128,128,128,100
353,358,128,128,128,100
353,361,128,128,128,100
354,359,128,128,128,100
354,362,128,128,128,100
355,360,128,128,128,100
355,363,128,128,128,100
356,359,128,128,128,100
356,361,128,128,128,100
356,364,128,128,128,100
357,360,128,128,128,100
357,362,128,128,128,100
358,361,128,128,128,100
358,363,128,128,128,100
359,362,128,128,128,100
359,364,128,128,128,100
360,363,128,128,128,100
361,363,128,128,128,100
361,364,128,128,128,100
362,364,128,128,128,100
363,364,128,128,128,100
365,366,128,128,128,100
365,367,128,128,128,100
365,368,128,128,128,100
365,370,128,128,128,100
365,373,128,128,128,100
366,368,128,128,128,100
366,369,128,128,128,100
366,371,128,128,128,100
366,374,128,128,128,100
367,370,128,128,128,100
367,372,128,128,128,100
367,375,128,128,128,100
368,371,128,128,128,100
368,373,128,128,128,100
368,376,128,128,128,100
369,372,128,128,128,100
369,374,128,128,128,100
369,377,128,128,128,100
370,373,128,128,128,100
370,375,128,128,128,100
370,378,128,128,128,100
370,383,128,128,128,100
371,376,128,128,128,100
371,379,128,128,128,100
371,384,128,128,128,100
372,377,128,128,128,100
372,380,128,128,128,100
372,385,128,128,128,100
373,378,128,128,128,100
373,381,128,128,128,100
373,386,128,128,128,100
374,379,128,128,128,100
374,382,128,128,128,100
374,387,128,128,128,100
375,380,128,128,128,100
375,383,128,128,128,100
375,388,128,128,128,100
376,381,128,128,128,100
376,384,128,128,128,100
376,389,128,128,128,100
377,382,128,128,128,100
377,385,128,128,128,100
377,390,128,128,128,100
378,383,128,128,128,100
378,386,128,128,128,100
378,391,128,128,128,100
379,384,128,128,128,100
379,387,128,128,128,100
379,392,128,128,128,100
380,385,128,128,128,100
380,388,128,128,128,100
380,393,128,128,128,100
381,386,128,128,128,100
381,389,128,128,128,100
381,394,128,128,128,100
382,387,128,128,128,100
382,390,128,128,128,100
382,395,128,128,128,100
383,388,128,128,128,100
383,391,128,128,128,100
383,396,128,128,128,100
384,389,128,128,128,100
384,392,128,128,128,100
384,397,128,128,128,100
385,390,128,128,128,100
385,393,128,128,128,100
385,398,128,128,128,100
386,391,128,128,128,100
386,394,128,128,128,100
386,399,128,128,128,100
387,392,128,128,128,100
387,395,128,128,128,100
387,400,128,128,128,100
388,393,128,128,128,100
388,396,128,128,128,100
388,401,128,128,128,100
389,394,128,128,128,100
389,397,128,128,128,100
389,402,128,128,128,100
390,395,128,128,128,100
390,398,128,128,128,100
390,403,128,128,128,100
391,396,128,128,128,100
391,399,128,128,128,100
391,404,128,128,128,100
392,397,128,128,128,100
392,400,128,128,128,100
392,405,128,128,128,100
393,398,128,128,128,100
393,401,128,128,128,100
393,406,128,128,128,100
394,399,128,128,128,100
394,402,128,128,128,100
394,407,128,128,128,100
395,400,128,128,128,100
395,403,128,128,128,100
395,408,128,128,128,100
396,401,128,128,128,100
396,404,128,128,128,100
396,409,128,128,128,100
397,402,128,128,128,100
397,405,128,128,128,100
398,403,128,128,128,100
398,406,128,128,128,100
399,404,128,128,128,100
399,407,128,128,128,100
400,405,128,128,128,100
400,408,128,128,128,100
401,406,128,128,128,100
401,409,128,128,128,100
402,407,128,128,128,100
402,410,128,128,128,100
403,408,128,128,128,100
403,411,128,128,128,100
404,409,128,128,128,100
404,412,128,128,128,100
405,410,128,128,128,100
405,413,128,128,128,100
406,409,128,128,128,100
406,411,128,128,128,100
406,414,128,128,128,100
407,410,128,128,128,100
407,412,128,128,128,100
408,411,128,128,128,100
408,413,128,128,128,100
409,412,128,128,128,100
409,414,128,128,128,100
410,413,128,128,128,100
411,413,128,128,128,100
411,414,128,128,128,100
412,414,128,128,128,100
413,414,128,128,128,100
415,416,128,128,128,100
415,417,128,128,128,100
415,418,128,128,128,100
415,420,128,128,128,100
415,423,128,128,128,100
416,418,128,128,128,100
416,419,128,128,128,100
416,421,128,128,128,100
416,424,128,128,128,100
417,420,128,128,128,100
417,422,128,128,128,100
417,425,128,128,128,100
418,421,128,128,128,100
418,423,128,128,128,100
418,426,128,128,128,100
419,422,128,128,128,100
419,424,128,128,128,100
419,427,128,128,128,100
420,423,128,128,128,100
420,425,128,128,128,100
420,428,128,128,128,100
420,433,128,128,128,100
421,426,128,128,128,100
421,429,128,128,128,100
421,434,128,128,128,100
422,427,128,128,128,100
422,430,128,128,128,100
422,435,128,128,128,100
423,428,128,128,128,100
423,431,128,128,128,100
423,436,128,128,128,100
424,429,128,128,128,100
424,432,128,128,128,100
424,437,128,128,128,100
425,430,128,128,128,100
425,433,128,128,128,100
425,438,128,128,128,100
426,431,128,128,128,100
426,434,128,128,128,100
426,439,128,128,128,100
427,432,128,128,128,100
427,435,128,128,128,100
427,440,128,128,128,100
428,433,128,128,128,100
428,436,128,128,128,100
428,441,128,128,128,100
429,434,128,128,128,100
429,437,128,128,128,100
429,442,128,128,128,100
430,435,128,128,128,100
430,438,128,128,128,100
430,443,128,128,128,100
431,436,128,128,128,100
431,439,128,128,128,100
431,444,128,128,128,100
432,437,128,128,128,100
432,440,128,128,128,100
432,445,128,128,128,100
433,438,128,128,128,100
433,441,128,128,128,100
433,446,128,128,128,100
434,439,128,128,128,100
434,442,128,128,128,100
434,447,128,128,128,100
435,440,128,128,128,100
435,443,128,128,128,100
435,448,128,128,128,100
436,441,128,128,128,100
436,444,128,128,128,100
436,449,128,128,128,100
437,442,128,128,128,100
437,445,128,128,128,100
437,450,128,128,128,100
438,443,128,128,128,100
438,446,128,128,128,100
438,451,128,128,128,100
439,444,128,128,128,100
439,447,128,128,128,100
439,452,128,128,128,100
440,445,128,128,128,100
440,448,128,128,128,100
440,453,128,128,128,100
441,446,128,128,128,100
441,449,128,128,128,100
441,454,128,128,128,100
442,447,128,128,128,100
442,450,128,128,128,100
442,455,128,128,128,100
443,448,128,128,128,100
443,451,128,128,128,100
443,456,128,128,128,100
444,449,128,128,128,100
444,452,128,128,128,100
444,457,128,128,128,100
445,450,128,128,128,100
445,453,128,128,128,100
445,458,128,128,128,100
446,451,128,128,128,100
446,454,128,128,128,100
446,459,128,128,128,100
447,452,128,128,128,100
447,455,128,128,128,100
448,453,128,128,128,100
448,456,128,128,128,100
449,454,128,128,128,100
449,457,128,128,128,100
450,455,128,128,128,100
450,458,128,128,128,100
451,456,128,128,128,100
451,459,128,128,128,100
452,457,128,128,128,100
452,460,128,128,128,100
453,458,128,128,128,100
453,461,128,128,128,100
454,459,128,128,128,100
454,462,128,128,128,100
455,460,128,128,128,100
455,463,128,128,128,100
456,459,128,128,128,100
456,461,128,128,128,100
456,464,128,128,128,100
457,460,128,128,128,100
457,462,128,128,128,100
458,461,128,128,128,100
458,463,128,128,128,100
459,462,128,128,128,100
459,464,128,128,128,100
460,463,128,128,128,100
461,463,128,128,128,100
461,464,128,128,128,100
462,464,128,128,128,100
463,464,128,128,128,100
465,466,128,128,128,100
465,467,128,128,128,100
465,468,128,128,128,100
465,470,128,128,128,100
465,473,128,128,128,100
466,468,128,128,128,100
466,469,128,128,128,100
466,471,128,128,128,100
466,474,128,128,128,100
467,470,128,128,128,100
467,472,128,128,128,100
467,475,128,128,128,100
468,471,128,128,128,100
468,473,128,128,128,100
468,476,128,128,128,100
469,472,128,128,128,100
469,474,128,128,128,100
469,477,128,128,128,100
470,473,128,128,128,100
470,475,128,128,128,100
470,478,128,128,128,100
470,483,128,128,128,100
471,476,128,128,128,100
471,479,128,128,128,100
471,484,128,128,128,100
472,477,128,128,128,100
472,480,128,128,128,100
472,485,128,128,128,100
473,478,128,128,128,100
473,481,128,128,128,100
473,486,128,128,128,100
474,479,128,128,128,100
474,482,128,128,128,100
474,487,128,128,128,100
475,480,128,128,128,100
475,483,128,128,128,100
475,488,128,128,128,100
476,481,128,128,128,100
476,484,128,128,128,100
476,489,128,128,128,100
477,482,128,128,128,100
477,485,128,128,128,100
477,490,128,128,128,100
478,483,128,128,128,100
478,486,128,128,128,100
478,491,128,128,128,100
479,484,128,128,128,100
479,487,128,128,128,100
479,492,128,128,128,100
480,485,128,128,128,100
480,488,128,128,128,100
480,493,128,128,128,100
481,486,128,128,128,100
481,489,128,128,128,100
481,494,128,128,128,100
482,487,128,128,128,100
482,490,128,128,128,100
482,495,128,128,128,100
483,488,128,128,128,100
483,491,128,128,128,100
483,496,128,128,128,100
484,489,128,128,128,100
484,492,128,128,128,100
484,497,128,128,128,100
485,490,128,128,128,100
485,493,128,128,128,100
485,498,128,128,128,100
486,491,128,128,128,100
486,494,128,128,128,100
486,499,128,128,128,100
487,492,128,128,128,100
487,495,128,128,128,100
487,500,128,128,128,100
488,493,128,128,128,100
488,496,128,128,128,100
488,501,128,128,128,100
489,494,128,128,128,100
489,497,128,128,128,100
489,502,128,128,128,100
490,495,128,128,128,100
490,498,128,128,128,100
490,503,128,128,128,100
491,496,128,128,128,100
491,499,128,128,128,100
491,504,128,128,128,100
492,497,128,128,128,100
492,500,128,128,128,100
492,505,128,128,128,100
493,498,128,128,128,100
493,501,128,128,128,100
493,506,128,128,128,100
494,499,128,128,128,100
494,502,128,128,128,100
494,507,128,128,128,100
495,500,128,128,128,100
495,503,128,128,128,100
495,508,128,128,128,100
496,501,128,128,128,100
496,504,128,128,128,100
496,509,128,128,128,100
497,502,128,128,128,100
497,505,128,128,128,100
498,503,128,128,128,100
498,506,128,128,128,100
499,504,128,128,128,100
499,507,128,128,128,100
500,505,128,128,128,100
500,508,128,128,128,100
501,506,128,128,128,100
501,509,128,128,128,100
502,507,128,128,128,100
502,510,128,128,128,100
503,508,128,128,128,100
503,511,128,128,128,100
504,509,128,128,128,100
504,512,128,128,128,100
505,510,128,128,128,100
505,513,128,128,128,100
506,509,128,128,128,100
506,511,128,128,128,100
506,514,128,128,128,100
507,510,128,128,128,100
507,512,128,128,128,100
508,511,128,128,128,100
508,513,128,128,128,100
509,512,128,128,128,100
509,514,128,128,128,100
510,513,128,128,128,100
511,513,128,128,128,100
511,514,128,128,128,100
512,514,128,128,128,100
513,514,128,128,128,100
515,516,128,128,128,100
515,517,128,128,128,100
515,518,128,128,128,100
515,520,128,128,128,100
515,523,128,128,128,100
516,518,128,128,128,100
516,519,128,128,128,100
516,521,128,128,128,100
516,524,128,128,128,100
517,520,128,128,128,100
517,522,128,128,128,100
517,525,128,128,128,100
518,521,128,128,128,100
518,523,128,128,128,100
518,526,128,128,128,100
519,522,128,128,128,100
519,524,128,128,128,100
519,527,128,128,128,100
520,523,128,128,128,100
520,525,128,128,128,100
520,528,128,128,128,100
520,533,128,128,128,100
521,526,128,128,128,100
521,529,128,128,128,100
521,534,128,128,128,100
522,527,128,128,128,100
522,530,128,128,128,100
522,535,128,128,128,100
523,528,128,128,128,100
523,531,128,128,128,100
523,536,128,128,128,100
524,529,128,128,128,100
524,532,128,128,128,100
524,537,128,128,128,100
525,530,128,128,128,100
525,533,128,128,128,100
525,538,128,128,128,100
526,531,128,128,128,100
526,534,128,128,128,100
526,539,128,128,128,100
527,532,128,128,128,100
527,535,128,128,128,100
527,540,128,128,128,100
528,533,128,128,128,100
528,536,128,128,128,100
528,541,128,128,128,100
529,534,128,128,128,100
529,537,128,128,128,100
529,542,128,128,128,100
530,535,128,128,128,100
530,538,128,128,128,100
530,543,128,128,128,100
531,536,128,128,128,100
531,539,128,128,128,100
531,544,128,128,128,100
532,537,128,128,128,100
532,540,128,128,128,100
532,545,128,128,128,100
533,538,128,128,128,100
533,541,128,128,128,100
533,546,128,128,128,100
534,539,128,128,128,100
534,542,128,128,128,100
534,547,128,128,128,100
535,540,128,128,128,100
535,543,128,128,128,100
535,548,128,128,128,100
536,541,128,128,128,100
536,544,128,128,128,100
536,549,128,128,128,100
537,542,128,128,128,100
537,545,128,128,128,100
537,550,128,128,128,100
538,543,128,128,128,100
538,546,128,128,128,100
538,551,128,128,128,100
539,544,128,128,128,100
539,547,128,128,128,100
539,552,128,128,128,100
540,545,128,128,128,100
540,548,128,128,128,100
540,553,128,128,128,100
541,546,128,128,128,100
541,549,128,128,128,100
541,554,128,128,128,100
542,547,128,128,128,100
542,550,128,128,128,100
542,555,128,128,128,100
543,548,128,128,128,100
543,551,128,128,128,100
543,556,128,128,128,100
544,549,128,128,128,100
544,552,128,128,128,100
544,557,128,128,128,100
545,550,128,128,128,100
545,553,128,128,128,100
545,558,128,128,128,100
546,551,128,128,128,100
546,554,128,128,128,100
546,559,128,128,128,100
547,552,128,128,128,100
547,555,128,128,128,100
548,553,128,128,128,100
548,556,128,128,128,100
549,554,128,128,128,100
549,557,128,128,128,100
550,555,128,128,128,100
550,558,128,128,128,100
551,556,128,128,128,100
551,559,128,128,128,100
552,557,128,128,128,100
552,560,128,128,128,100
553,558,128,128,128,100
553,561,128,128,128,100
554,559,128,128,128,100
554,562,128,128,128,100
555,560,128,128,128,100
555,563,128,128,128,100
556,559,128,128,128,100
556,561,128,128,128,100
556,564,128,128,128,100
557,560,128,128,128,100
557,562,128,128,128,100
558,561,128,128,128,100
558,563,128,128,128,100
559,562,128,128,128,100
559,564,128,128,128,100
560,563,128,128,128,100
561,563,128,128,128,100
561,564,128,128,128,100
562,564,128,128,128,100
563,564,128,128,128,100
565,566,128,128,128,100
565,567,128,128,128,100
565,568,128,128,128,100
565,570,128,128,128,100
565,573,128,128,128,100
566,568,128,128,128,100
566,569,128,128,128,100
566,571,128,128,128,100
566,574,128,128,128,100
567,570,128,128,128,100
567,572,128,128,128,100
567,575,128,128,128,100
568,571,128,128,128,100
568,573,128,128,128,100
568,576,128,128,128,100
569,572,128,128,128,100
569,574,128,128,128,100
569,577,128,128,128,100
570,573,128,128,128,100
570,575,128,128,128,100
570,578,128,128,128,100
570,583,128,128,128,100
571,576,128,128,128,100
571,579,128,128,128,100
571,584,128,128,128,100
572,577,128,128,128,100
572,580,128,128,128,100
572,585,128,128,128,100
573,578,128,128,128,100
573,581,128,128,128,100
573,586,128,128,128,100
574,579,128,128,128,100
574,582,128,128,128,100
574,587,128,128,128,100
575,580,128,128,128,100
575,583,128,128,128,100
575,588,128,128,128,100
576,581,128,128,128,100
576,584,128,128,128,100
576,589,128,128,128,100
577,582,128,128,128,100
577,585,128,128,128,100
577,590,128,128,128,100
578,583,128,128,128,100
578,586,128,128,128,100
578,591,128,128,128,100
579,584,128,128,128,100
579,587,128,128,128,100
579,592,128,128,128,100
580,585,128,128,128,100
580,588,128,128,128,100
580,593,128,128,128,100
581,586,128,128,128,100
581,589,128,128,128,100
581,594,128,128,128,100
582,587,128,128,128,100
582,590,128,128,128,100
582,595,128,128,128,100
583,588,128,128,128,100
583,591,128,128,128,100
583,596,128,128,128,100
584,589,128,128,128,100
584,592,128,128,128,100
584,597,128,128,128,100
585,590,128,128,128,100
585,593,128,128,128,100
585,598,128,128,128,100
586,591,128,128,128,100
586,594,128,128,128,100
586,599,128,128,128,100
587,592,128,128,128,100
587,595,128,128,128,100
587,600,128,128,128,100
588,593,128,128,128,100
588,596,128,128,128,100
588,601,128,128,128,100
589,594,128,128,128,100
589,597,128,128,128,100
589,602,128,128,128,100
590,595,128,128,128,100
590,598,128,128,128,100
590,603,128,128,128,100
591,596,128,128,128,100
591,599,128,128,128,100
591,604,128,128,128,100
592,597,128,128,128,100
592,600,128,128,128,100
592,605,128,128,128,100
593,598,128,128,128,100
593,601,128,128,128,100
593,606,128,128,128,100
594,599,128,128,128,100
594,602,128,128,128,100
594,607,128,128,128,100
595,600,128,128,128,100
595,603,128,128,128,100
595,608,128,128,128,100
596,601,128,128,128,100
596,604,128,128,128,100
596,609,128,128,128,100
597,602,128,128,128,100
597,605,128,128,128,100
598,603,128,128,128,100
598,606,128,128,128,100
599,604,128,128,128,100
599,607,128,128,128,100
600,605,128,128,128,100
600,608,128,128,128,100
601,606,128,128,128,100
601,609,128,128,128,100
602,607,128,128,128,100
602,610,128,128,128,100
603,608,128,128,128,100
603,611,128,128,128,100
604,609,128,128,128,100
604,612,128,128,128,100
605,610,128,128,128,100
605,613,128,128,128,100
606,609,128,128,128,100
606,611,128,128,128,100
606,614,128,128,128,100
607,610,128,128,128,100
607,612,128,128,128,100
608,611,128,128,128,100
608,613,128,128,128,100
609,612,128,128,128,100
609,614,128,128,128,100
610,613,128,128,128,100
611,613,128,128,128,100
611,614,128,128,128,100
612,614,128,128,128,100
613,614,128,128,128,100
615,616,128,128,128,100
615,617,128,128,128,100
615,618,128,128,128,100
615,620,128,128,128,100
615,623,128,128,128,100
616,618,128,128,128,100
616,619,128,128,128,100
616,621,128,128,128,100
616,624,128,128,128,100
617,620,128,128,128,100
617,622,128,128,128,100
617,625,128,128,128,100
618,621,128,128,128,100
618,623,128,128,128,100
618,626,128,128,128,100
619,622,128,128,128,100
619,624,128,128,128,100
619,627,128,128,128,100
620,623,128,128,128,100
620,625,128,128,128,100
620,628,128,128,128,100
620,633,128,128,128,100
621,626,128,128,128,100
621,629,128,128,128,100
621,634,128,128,128,100
622,627,128,128,128,100
622,630,128,128,128,100
622,635,128,128,128,100
623,628,128,128,128,100
623,631,128,128,128,100
623,636,128,128,128,100
624,629,128,128,128,100
624,632,128,128,128,100
624,637,128,128,128,100
625,630,128,128,128,100
625,633,128,128,128,100
625,638,128,128,128,100
626,631,128,128,128,100
626,634,128,128,128,100
626,639,128,128,128,100
627,632,128,128,128,100
627,635,128,128,128,100
627,640,128,128,128,100
628,633,128,128,128,100
628,636,128,128,128,100
628,641,128,128,128,100
629,634,128,128,128,100
629,637,128,128,128,100
629,642,128,128,128,100
630,635,128,128,128,100
630,638,128,128,128,100
630,643,128,128,128,100
631,636,128,128,128,100
631,639,128,128,128,100
631,644,128,128,128,100
632,637,128,128,128,100
632,640,128,128,128,100
632,645,128,128,128,100
633,638,128,128,128,100
633,641,128,128,128,100
633,646,128,128,128,100
634,639,128,128,128,100
634,642,128,128,128,100
634,647,128,128,128,100
635,640,128,128,128,100
635,643,128,128,128,100
635,648,128,128,128,100
636,641,128,128,128,100
636,644,128,128,128,100
636,649,128,128,128,100
637,642,128,128,128,100
637,645,128,128,128,100
637,650,128,128,128,100
638,643,128,128,128,100
638,646,128,128,128,100
638,651,128,128,128,100
639,644,128,128,128,100
639,647,128,128,128,100
639,652,128,128,128,100
640,645,128,128,128,100
640,648,128,128,128,100
640,653,128,128,128,100
641,646,128,128,128,100
641,649,128,128,128,100
641,654,128,128,128,100
642,647,128,128,128,100
642,650,128,128,128,100
642,655,128,128,128,100
643,648,128,128,128,100
643,651,128,128,128,100
643,656,128,128,128,100
644,649,128,128,128,100
644,652,128,128,128,100
644,657,128,128,128,100
645,650,128,128,128,100
645,653,128,128,128,100
645,658,128,128,128,100
646,651,128,128,128,100
646,654,128,128,128,100
646,659,128,128,128,100
647,652,128,128,128,100
647,655,128,128,128,100
648,653,128,128,128,100
648,656,128,128,128,100
649,654,128,128,128,100
649,657,128,128,128,100
650,655,128,128,128,100
650,658,128,128,128,100
651,656,128,128,128,100
651,659,128,128,128,100
652,657,128,128,128,100
652,660,128,128,128,100
653,658,128,128,128,100
653,661,128,128,128,100
654,659,128,128,128,100
654,662,128,128,128,100
655,660,128,128,128,100
655,663,128,128,128,100
656,659,128,128,128,100
656,661,128,128,128,100
656,664,128,128,128,100
657,660,128,128,128,100
657,662,128,128,128,100
658,661,128,128,128,100
658,663,128,128,128,100
659,662,128,128,128,100
659,664,128,128,128,100
660,663,128,128,128,100
661,663,128,128,128,100
661,664,128,128,128,100
662,664,128,128,128,100
663,664,128,128,128,100
665,666,128,128,128,100
665,667,128,128,128,100
665,668,128,128,128,100
665,670,128,128,128,100
665,673,128,128,128,100
666,668,128,128,128,100
666,669,128,128,128,100
666,671,128,128,128,100
666,674,128,128,128,100
667,670,128,128,128,100
667,672,128,128,128,100
667,675,128,128,128,100
668,671,128,128,128,100
668,673,128,128,128,100
668,676,128,128,128,100
669,672,128,128,128,100
669,674,128,128,128,100
669,677,128,128,128,100
670,673,128,128,128,100
670,675,128,128,128,100
670,678,128,128,128,100
670,683,128,128,128,100
671,676,128,128,128,100
671,679,128,128,128,100
671,684,128,128,128,100
672,677,128,128,128,100
672,680,128,128,128,100
672,685,128,128,128,100
673,678,128,128,128,100
673,681,128,128,128,100
673,686,128,128,128,100
674,679,128,128,128,100
674,682,128,128,128,100
674,687,128,128,128,100
675,680,128,128,128,100
675,683,128,128,128,100
675,688,128,128,128,100
676,681,128,128,128,100
676,684,128,128,128,100
676,689,128,128,128,100
677,682,128,128,128,100
677,685,128,128,128,100
677,690,128,128,128,100
678,683,128,128,128,100
678,686,128,128,128,100
678,691,128,128,128,100
679,684,128,128,128,100
679,687,128,128,128,100
679,692,128,128,128,100
680,685,128,128,128,100
680,688,128,128,128,100
680,693,128,128,128,100
681,686,128,128,128,100
681,689,128,128,128,100
681,694,128,128,128,100
682,687,128,128,128,100
682,690,128,128,128,100
682,695,128,128,128,100
683,688,128,128,128,100
683,691,128,128,128,100
683,696,128,128,128,100
684,689,128,128,128,100
684,692,128,128,128,100
684,697,128,128,128,100
685,690,128,128,128,100
685,693,128,128,128,100
685,698,128,128,128,100
686,691,128,128,128,100
686,694,128,128,128,100
686,699,128,128,128,100
687,692,128,128,128,100
687,695,128,128,128,100
687,700,128,128,128,100
688,693,128,128,128,100
688,696,128,128,128,100
688,701,128,128,128,100
689,694,128,128,128,100
689,697,128,128,128,100
689,702,128,128,128,100
690,695,128,128,128,100
690,698,128,128,128,100
690,703,128,128,128,100
691,696,128,128,128,100
691,699,128,128,128,100
691,704,128,128,128,100
692,697,128,128,128,100
692,700,128,128,128,100
692,705,128,128,128,100
693,698,128,128,128,100
693,701,128,128,128,100
693,706,128,128,128,100
694,699,128,128,128,100
694,702,128,128,128,100
694,707,128,128,128,100
695,700,128,128,128,100
695,703,128,128,128,100
695,708,128,128,128,100
696,701,128,128,128,100
696,704,128,128,128,100
696,709,128,128,128,100
697,702,128,128,128,100
697,705,128,128,128,100
698,703,128,128,128,100
698,706,128,128,128,100
699,704,128,128,128,100
699,707,128,128,128,100
700,705,128,128,128,100
700,708,128,128,128,100
701,706,128,128,128,100
701,709,128,128,128,100
702,707,128,128,128,100
702,710,128,128,128,100
703,708,128,128,128,100
703,711,128,128,128,100
704,709,128,128,128,100
704,712,128,128,128,100
705,710,128,128,128,100
705,713,128,128,128,100
706,709,128,128,128,100
706,711,128,128,128,100
706,714,128,128,128,100
707,710,128,128,128,100
707,712,128,128,128,100
708,711,128,128,128,100
708,713,128,128,128,100
709,712,128,128,128,100
709,714,128,128,128,100
710,713,128,128,128,100
711,713,128,128,128,100
711,714,128,128,128,100
712,714,128,128,128,100
713,714,128,128,128,100
715,716,128,128,128,100
715,717,128,128,128,100
715,718,128,128,128,100
715,720,128,128,128,100
715,723,128,128,128,100
716,718,128,128,128,100
716,719,128,128,128,100
716,721,128,128,128,100
716,724,128,128,128,100
717,720,128,128,128,100
717,722,128,128,128,100
717,725,128,128,128,100
718,721,128,128,128,100
718,723,128,128,128,100
718,726,128,128,128,100
719,722,128,128,128,100
719,724,128,128,128,100
719,727,128,128,128,100
720,723,128,128,128,100
720,725,128,128,128,100
720,728,128,128,128,100
720,733,128,128,128,100
721,726,128,128,128,100
721,729,128,128,128,100
721,734,128,128,128,100
722,727,128,128,128,100
722,730,128,128,128,100
722,735,128,128,128,100
723,728,128,128,128,100
723,731,128,128,128,100
723,736,128,128,128,100
724,729,128,128,128,100
724,732,128,128,128,100
724,737,128,128,128,100
725,730,128,128,128,100
725,733,128,128,128,100
725,738,128,128,128,100
726,731,128,128,128,100
726,734,128,128,128,100
726,739,128,128,128,100
727,732,128,128,128,100
727,735,128,128,128,100
727,740,128,128,128,100
728,733,128,128,128,100
728,736,128,128,128,100
728,741,128,128,128,100
729,734,128,128,128,100
729,737,128,128,128,100
729,742,128,128,128,100
730,735,128,128,128,100
730,738,128,128,128,100
730,743,128,128,128,100
731,736,128,128,128,100
731,739,128,128,128,100
731,744,128,128,128,100
732,737,128,128,128,100
732,740,128,128,128,100
732,745,128,128,128,100
733,738,128,128,128,100
733,741,128,128,128,100
733,746,128,128,128,100
734,739,128,128,128,100
734,742,128,128,128,100
734,747,128,128,128,100
735,740,128,128,128,100
735,743,128,128,128,100
735,748,128,128,128,100
736,741,128,128,128,100
736,744,128,128,128,100
736,749,128,128,128,100
737,742,128,128,128,100
737,745,128,128,128,100
737,750,128,128,128,100
738,743,128,128,128,100
738,746,128,128,128,100
738,751,128,128,128,100
739,744,128,128,128,100
739,747,128,128,128,100
739,752,128,128,128,100
740,745,128,128,128,100
740,748,128,128,128,100
740,753,128,128,128,100
741,746,128,128,128,100
741,749,128,128,128,100
741,754,128,128,128,100
742,747,128,128,128,100
742,750,128,128,128,100
742,755,128,128,128,100
743,748,128,128,128,100
743,751,128,128,128,100
743,756,128,128,128,100
744,749,128,128,128,100
744,752,128,128,128,100
744,757,128,128,128,100
745,750,128,128,128,100
745,753,128,128,128,100
745,758,128,128,128,100
746,751,128,128,128,100
746,754,128,128,128,100
746,759,128,128,128,100
747,752,128,128,128,100
747,755,128,128,128,100
748,753,128,128,128,100
748,756,128,128,128,100
749,754,128,128,128,100
749,757,128,128,128,100
750,755,128,128,128,100
750,758,128,128,128,100
751,756,128,128,128,100
751,759,128,128,128,100
752,757,128,128,128,100
752,760,128,128,128,100
753,758,128,128,128,100
753,761,128,128,128,100
754,759,128,128,128,100
754,762,128,128,128,100
755,760,128,128,128,100
755,763,128,128,128,100
756,759,128,128,128,100
756,761,128,128,128,100
756,764,128,128,128,100
757,760,128,128,128,100
757,762,128,128,128,100
758,761,128,128,128,100
758,763,128,128,128,100
759,762,128,128,128,100
759,764,128,128,128,100
760,763,128,128,128,100
761,763,128,128,128,100
761,764,128,128,128,100
762,764,128,128,128,100
763,764,128,128,128,100
