0.6766973493229512,0.43488800345185175,0.49819957020593086,102,232,188,255,0
0.6112820842994335,0.5977655460020102,0.46778254181376244,102,232,188,255,1
0.5089145951241376,0.6716226308394476,0.4540249113011129,102,232,188,255,2
0.4178274072661173,0.6528650032071731,0.4552725034919921,102,232,188,255,3
0.2924091333976696,0.5718013728885651,0.48087165703847085,102,232,188,255,4
0.24404891188826935,0.47936520716043496,0.4699849290019865,102,232,188,255,5
0.2992884648646672,0.3442912112053469,0.43214961682943254,102,232,188,255,6
0.40405258751262557,0.25298775528845013,0.4070490433021653,102,232,188,255,7
0.5016170185362022,0.23993482847992256,0.4549365316559284,102,232,188,255,8
0.6478782691741667,0.3498295402798122,0.40822705722367303,102,232,188,255,9
0.44597345782450526,0.6982683307254873,0.6546746917419323,102,232,188,255,10
0.41396118568560314,0.7540841515755877,0.5802472245441095,102,232,188,255,11
0.4638590816047568,0.7270182760836325,0.5229489773038971,102,232,188,255,12
0.42100684018000867,0.6184076592631779,0.5217092377020955,102,232,188,255,13
0.4223961785057828,0.6075118407439213,0.5902571811082717,102,232,188,255,14
0.6766973493229512,0.4847567425329318,0.25261172418460737,0,0,0,0,0_s0
0.73445059521388,0.37184424621396023,0.2626357178997634,0,0,0,0,0_s1
0.56788166257407,0.44443785973590477,0.2726597116149195,0,0,0,0,0_s2
0.7781826995000729,0.5126949243340535,0.28268370533007553,0,0,0,0,0_s3
0.6517136991536555,0.2936464041900798,0.29270769904523164,0,0,0,0,0_s4
0.5925275230784005,0.5672059179148087,0.30273169276038764,0,0,0,0,0_s5
0.8394736233108339,0.39113035424005604,0.31275568647554375,0,0,0,0,0_s6
0.5178759538973629,0.35240219986697274,0.3227796801906998,0,0,0,0,0_s7
0.7412802173164489,0.6117312444868412,0.33280367390585586,0,0,0,0,0_s8
0.7517193863559343,0.2531421724199013,0.3428276676210119,0,0,0,0,0_s9
0.49179825470265,0.5214130948803506,0.35285166133616797,0,0,0,0,0_s10
0.8779507150928176,0.4980132916053269,0.362875655051324,0,0,0,0,0_s11
0.5678789527787673,0.24711482242817545,0.3728996487664801,0,0,0,0,0_s12
0.6289196265855456,0.6522104158907461,0.3829236424816362,0,0,0,0,0_s13
0.8627455230736534,0.3040889641499724,0.39294763619679224,0,0,0,0,0_s14
0.44681795026976456,0.4050990368829768,0.40297162991194824,0,0,0,0,0_s15
0.8285744703562677,0.6150931888515898,0.41299562362710435,0,0,0,0,0_s16
0.6865746654782995,0.19603513123986913,0.4230196173422604,0,0,0,0,0_s17
0.5060085465183913,0.6064115144802623,0.4330436110574164,0,0,0,0,0_s18
0.9208965285566777,0.4235960372829618,0.4430676047725725,0,0,0,0,0_s19
0.4874335276475145,0.27694890777504205,0.4530915984877286,0,0,0,0,0_s20
0.7097849789164026,0.6808038518762639,0.4631155922028846,0,0,0,0,0_s21
0.8191054754855532,0.23021215230844683,0.4731395859180407,0,0,0,0,0_s22
0.4326484374346819,0.48979090724189267,0.4831635796331968,0,0,0,0,0_s23
0.894086040332141,0.5594565314183523,0.4931875733483528,0,0,0,0,0_s24
0.6005465257384064,0.1961910968824007,0.5032115670635088,0,0,0,0,0_s25
0.571779493046394,0.6619704635247478,0.513235560778665,0,0,0,0,0_s26
0.9067102308007929,0.3386261065627861,0.523259554493821,0,0,0,0,0_s27
0.4432093950014563,0.350907226334851,0.533283548208977,0,0,0,0,0_s28
0.7913798477220747,0.6530931287338557,0.5433075419241331,0,0,0,0,0_s29
0.7390078344122025,0.19850240514618664,0.5533315356392892,0,0,0,0,0_s30
0.4731603004389683,0.5657606589990147,0.5633555293544452,0,0,0,0,0_s31
0.9123003423515411,0.4753785654918707,0.5733795230696013,0,0,0,0,0_s32
0.5323956096787389,0.24856147105784046,0.5834035167847573,0,0,0,0,0_s33
0.6575586411674581,0.6658980259366666,0.5934275104999134,0,0,0,0,0_s34
0.8436423457292889,0.2804481128369139,0.6034515042150695,0,0,0,0,0_s35
0.45418765632465036,0.43597348032179306,0.6134754979302255,0,0,0,0,0_s36
0.8374386878204517,0.5807044395495344,0.6234994916453815,0,0,0,0,0_s37
0.6572326449351974,0.22486694612364896,0.6335234853605377,0,0,0,0,0_s38
0.5532807578109373,0.5974998467403217,0.6435474790756938,0,0,0,0,0_s39
0.8701434141229671,0.39969605619881354,0.6535714727908497,0,0,0,0,0_s40
0.5173549856281828,0.3346159242364037,0.6635954665060059,0,0,0,0,0_s41
0.723999747604675,0.6074876168777558,0.6736194602211618,0,0,0,0,0_s42
0.753654977091595,0.28492677257485594,0.6836434539363179,0,0,0,0,0_s43
0.5296569324602808,0.48940135912471733,0.693667447651474,0,0,0,0,0_s44
0.8095455243964628,0.48896881814100296,0.7036914413666301,0,0,0,0,0_s45
0.6219317098939156,0.3193288498738204,0.713715435081786,0,0,0,0,0_s46
0.6445142316242323,0.5392733490366948,0.7237394287969422,0,0,0,0,0_s47
0.7504613942829325,0.3916581710585826,0.7337634225120983,0,0,0,0,0_s48
0.6279401039886164,0.4244179430439882,0.7437874162272542,0,0,0,0,0_s49
0.6112820842994335,0.6476342850830902,0.22219469579243895,0,0,0,0,1_s0
0.6690353301903622,0.5347217887641186,0.23221868950759506,0,0,0,0,1_s1
0.5024663975505523,0.6073154022860632,0.24224268322275108,0,0,0,0,1_s2
0.7127674344765551,0.6755724668842119,0.25226667693790716,0,0,0,0,1_s3
0.5862984341301378,0.4565239467402382,0.2622906706530632,0,0,0,0,1_s4
0.5271122580548828,0.730083460464967,0.2723146643682193,0,0,0,0,1_s5
0.7740583582873161,0.5540078967902143,0.2823386580833754,0,0,0,0,1_s6
0.4524606888738451,0.5152797424171311,0.2923626517985314,0,0,0,0,1_s7
0.6758649522929312,0.7746087870369998,0.3023866455136875,0,0,0,0,1_s8
0.6863041213324165,0.4160197149700596,0.31241063922884355,0,0,0,0,1_s9
0.42638298967913224,0.684290637430509,0.32243463294399954,0,0,0,0,1_s10
0.8125354500692998,0.6608908341554852,0.33245862665915565,0,0,0,0,1_s11
0.5024636877552495,0.4099923649783338,0.3424826203743117,0,0,0,0,1_s12
0.5635043615620279,0.8150879584409044,0.35250661408946776,0,0,0,0,1_s13
0.7973302580501357,0.46696650670013073,0.3625306078046239,0,0,0,0,1_s14
0.3814026852462468,0.5679765794331352,0.37255460151977987,0,0,0,0,1_s15
0.76315920533275,0.7779707314017481,0.3825785952349359,0,0,0,0,1_s16
0.6211594004547818,0.3589126737900275,0.39260258895009204,0,0,0,0,1_s17
0.4405932814948736,0.7692890570304207,0.40262658266524803,0,0,0,0,1_s18
0.8554812635331601,0.5864735798331202,0.41265057638040414,0,0,0,0,1_s19
0.4220182626239968,0.4398264503252004,0.4226745700955602,0,0,0,0,1_s20
0.644369713892885,0.8436813944264223,0.43269856381071625,0,0,0,0,1_s21
0.7536902104620355,0.39308969485860523,0.4427225575258723,0,0,0,0,1_s22
0.36723317241116415,0.6526684497920511,0.45274655124102836,0,0,0,0,1_s23
0.8286707753086232,0.7223340739685107,0.46277054495618447,0,0,0,0,1_s24
0.5351312607148886,0.359068639432559,0.47279453867134047,0,0,0,0,1_s25
0.5063642280228763,0.8248480060749062,0.4828185323864965,0,0,0,0,1_s26
0.8412949657772752,0.5015036491129444,0.49284252610165263,0,0,0,0,1_s27
0.37779412997793854,0.5137847688850093,0.5028665198168086,0,0,0,0,1_s28
0.725964582698557,0.8159706712840141,0.5128905135319647,0,0,0,0,1_s29
0.6735925693886848,0.361379947696345,0.5229145072471207,0,0,0,0,1_s30
0.40774503541545054,0.7286382015491731,0.5329385009622768,0,0,0,0,1_s31
0.8468850773280234,0.6382561080420291,0.542962494677433,0,0,0,0,1_s32
0.4669803446552211,0.4114390136079989,0.5529864883925889,0,0,0,0,1_s33
0.5921433761439404,0.8287755684868249,0.5630104821077451,0,0,0,0,1_s34
0.7782270807057711,0.4433256553870723,0.5730344758229011,0,0,0,0,1_s35
0.3887723913011326,0.5988510228719515,0.5830584695380571,0,0,0,0,1_s36
0.7720234227969339,0.7435819820996927,0.5930824632532131,0,0,0,0,1_s37
0.5918173799116797,0.38774448867380734,0.6031064569683693,0,0,0,0,1_s38
0.48786549278741953,0.76037738929048,0.6131304506835253,0,0,0,0,1_s39
0.8047281490994493,0.562573598748972,0.6231544443986814,0,0,0,0,1_s40
0.45193972060466514,0.4974934667865621,0.6331784381138374,0,0,0,0,1_s41
0.6585844825811573,0.7703651594279142,0.6432024318289934,0,0,0,0,1_s42
0.6882397120680772,0.44780431512501423,0.6532264255441496,0,0,0,0,1_s43
0.4642416674367631,0.6522789016748757,0.6632504192593056,0,0,0,0,1_s44
0.7441302593729451,0.6518463606911614,0.6732744129744617,0,0,0,0,1_s45
0.5565164448703979,0.4822063924239787,0.6832984066896177,0,0,0,0,1_s46
0.5790989666007145,0.7021508915868532,0.6933224004047739,0,0,0,0,1_s47
0.6850461292594147,0.5545357136087409,0.7033463941199298,0,0,0,0,1_s48
0.5625248389650985,0.5872954855941465,0.7133703878350859,0,0,0,0,1_s49
0.5089145951241376,0.7214913699205278,0.2084370652797894,0,0,0,0,2_s0
0.5666678410150664,0.6085788736015562,0.21846105899494547,0,0,0,0,2_s1
0.4000989083752564,0.6811724871235006,0.22848505271010153,0,0,0,0,2_s2
0.6103999453012593,0.7494295517216494,0.2385090464252576,0,0,0,0,2_s3
0.4839309449548419,0.5303810315776758,0.24853304014041366,0,0,0,0,2_s4
0.4247447688795869,0.8039405453024046,0.2585570338555697,0,0,0,0,2_s5
0.6716908691120203,0.627864981627652,0.26858102757072577,0,0,0,0,2_s6
0.35009319969854924,0.5891368272545687,0.2786050212858818,0,0,0,0,2_s7
0.5734974631176353,0.8484658718744372,0.28862901500103794,0,0,0,0,2_s8
0.5839366321571207,0.48987679980749715,0.29865300871619394,0,0,0,0,2_s9
0.3240155005038364,0.7581477222679466,0.30867700243135,0,0,0,0,2_s10
0.710167960894004,0.7347479189929228,0.3187009961465061,0,0,0,0,2_s11
0.4000961985799537,0.48384944981577144,0.32872498986166215,0,0,0,0,2_s12
0.461136872386732,0.888945043278342,0.3387489835768182,0,0,0,0,2_s13
0.6949627688748398,0.5408235915375683,0.34877297729197426,0,0,0,0,2_s14
0.27903519607095095,0.6418336642705728,0.3587969710071303,0,0,0,0,2_s15
0.6607917161574541,0.8518278162391857,0.36882096472228637,0,0,0,0,2_s16
0.5187919112794859,0.43276975862746503,0.3788449584374424,0,0,0,0,2_s17
0.3382257923195777,0.8431461418678583,0.3888689521525985,0,0,0,0,2_s18
0.7531137743578642,0.6603306646705578,0.39889294586775453,0,0,0,0,2_s19
0.3196507734487009,0.513683535162638,0.40891693958291064,0,0,0,0,2_s20
0.5420022247175891,0.91753847926386,0.41894093329806664,0,0,0,0,2_s21
0.6513227212867396,0.46694677969604276,0.42896492701322275,0,0,0,0,2_s22
0.2648656832358683,0.7265255346294885,0.4389889207283788,0,0,0,0,2_s23
0.7263032861333272,0.7961911588059482,0.4490129144435348,0,0,0,0,2_s24
0.4327637715395928,0.4329257242699966,0.4590369081586909,0,0,0,0,2_s25
0.4039967388475804,0.8987050909123437,0.46906090187384697,0,0,0,0,2_s26
0.7389274766019794,0.5753607339503819,0.4790848955890031,0,0,0,0,2_s27
0.2754266408026427,0.5876418537224469,0.4891088893041591,0,0,0,0,2_s28
0.6235970935232611,0.8898277561214517,0.49913288301931513,0,0,0,0,2_s29
0.5712250802133889,0.4352370325337826,0.5091568767344712,0,0,0,0,2_s30
0.3053775462401547,0.8024952863866106,0.5191808704496272,0,0,0,0,2_s31
0.7445175881527275,0.7121131928794666,0.5292048641647834,0,0,0,0,2_s32
0.3646128554799252,0.4852960984454364,0.5392288578799393,0,0,0,0,2_s33
0.48977588696864455,0.9026326533242626,0.5492528515950954,0,0,0,0,2_s34
0.6758595915304753,0.5171827402245098,0.5592768453102516,0,0,0,0,2_s35
0.28640490212583675,0.672708107709389,0.5693008390254075,0,0,0,0,2_s36
0.6696559336216381,0.8174390669371303,0.5793248327405636,0,0,0,0,2_s37
0.48944989073638384,0.46160157351124487,0.5893488264557197,0,0,0,0,2_s38
0.38549800361212366,0.8342344741279175,0.5993728201708758,0,0,0,0,2_s39
0.7023606599241535,0.6364306835864094,0.6093968138860318,0,0,0,0,2_s40
0.3495722314293693,0.5713505516239996,0.6194208076011879,0,0,0,0,2_s41
0.5562169934058614,0.8442222442653518,0.6294448013163438,0,0,0,0,2_s42
0.5858722228927814,0.5216613999624519,0.6394687950314999,0,0,0,0,2_s43
0.3618741782614672,0.7261359865123133,0.6494927887466561,0,0,0,0,2_s44
0.6417627701976492,0.725703445528599,0.6595167824618121,0,0,0,0,2_s45
0.45414895569510194,0.5560634772614163,0.6695407761769682,0,0,0,0,2_s46
0.47673147742541855,0.7760079764242906,0.6795647698921242,0,0,0,0,2_s47
0.5826786400841188,0.6283927984461786,0.6895887636072803,0,0,0,0,2_s48
0.46015734978980266,0.661152570431584,0.6996127573224363,0,0,0,0,2_s49
0.4178274072661173,0.7027337422882531,0.2096846574706686,0,0,0,0,3_s0
0.475580653157046,0.5898212459692815,0.21970865118582467,0,0,0,0,3_s1
0.3090117205172361,0.6624148594912261,0.22973264490098075,0,0,0,0,3_s2
0.5193127574432389,0.7306719240893749,0.2397566386161368,0,0,0,0,3_s3
0.39284375709682157,0.5116234039454012,0.24978063233129288,0,0,0,0,3_s4
0.33365758102156656,0.7851829176701299,0.2598046260464489,0,0,0,0,3_s5
0.5806036812539999,0.6091073539953773,0.269828619761605,0,0,0,0,3_s6
0.2590060118405289,0.5703791996222941,0.27985261347676105,0,0,0,0,3_s7
0.482410275259615,0.8297082442421626,0.2898766071919171,0,0,0,0,3_s8
0.49284944429910027,0.47111917217522253,0.29990060090707316,0,0,0,0,3_s9
0.23292831264581604,0.739390094635672,0.3099245946222292,0,0,0,0,3_s10
0.6190807730359836,0.7159902913606482,0.31994858833738526,0,0,0,0,3_s11
0.3090090107219334,0.4650918221834967,0.3299725820525414,0,0,0,0,3_s12
0.3700496845287117,0.8701874156460674,0.33999657576769743,0,0,0,0,3_s13
0.6038755810168195,0.5220659639052937,0.3500205694828535,0,0,0,0,3_s14
0.1879480082129306,0.6230760366382981,0.36004456319800954,0,0,0,0,3_s15
0.5697045282994339,0.8330701886069111,0.3700685569131656,0,0,0,0,3_s16
0.4277047234214656,0.4140121309951904,0.38009255062832165,0,0,0,0,3_s17
0.24713860446155742,0.8243885142355837,0.3901165443434777,0,0,0,0,3_s18
0.6620265864998439,0.6415730370382832,0.40014053805863375,0,0,0,0,3_s19
0.22856358559068055,0.4949259075303633,0.4101645317737898,0,0,0,0,3_s20
0.45091503685956874,0.898780851631585,0.4201885254889459,0,0,0,0,3_s21
0.5602355334287193,0.4481891520637682,0.4302125192041019,0,0,0,0,3_s22
0.17377849537784795,0.707767906997214,0.440236512919258,0,0,0,0,3_s23
0.635216098275307,0.7774335311736735,0.4502605066344141,0,0,0,0,3_s24
0.3416765836815724,0.41416809663772197,0.4602845003495701,0,0,0,0,3_s25
0.3129095509895601,0.8799474632800692,0.4703084940647262,0,0,0,0,3_s26
0.647840288743959,0.5566031063181073,0.48033248777988224,0,0,0,0,3_s27
0.18433945294462237,0.5688842260901723,0.49035648149503835,0,0,0,0,3_s28
0.5325099056652408,0.871070128489177,0.5003804752101944,0,0,0,0,3_s29
0.48013789235536863,0.4164794049015079,0.5104044689253504,0,0,0,0,3_s30
0.21429035838213437,0.7837376587543361,0.5204284626405065,0,0,0,0,3_s31
0.6534304002947072,0.693355565247192,0.5304524563556625,0,0,0,0,3_s32
0.2735256676219049,0.4665384708131618,0.5404764500708186,0,0,0,0,3_s33
0.3986886991106242,0.8838750256919878,0.5505004437859746,0,0,0,0,3_s34
0.5847724036724549,0.4984251125922352,0.5605244375011308,0,0,0,0,3_s35
0.1953177142678164,0.6539504800771144,0.5705484312162867,0,0,0,0,3_s36
0.5785687457636177,0.7986814393048557,0.5805724249314428,0,0,0,0,3_s37
0.3983627028783635,0.4428439458789703,0.590596418646599,0,0,0,0,3_s38
0.2944108157541033,0.815476846495643,0.600620412361755,0,0,0,0,3_s39
0.6112734720661331,0.6176730559541349,0.610644406076911,0,0,0,0,3_s40
0.25848504357134894,0.552592923991725,0.6206683997920671,0,0,0,0,3_s41
0.46512980554784106,0.8254646166330771,0.6306923935072231,0,0,0,0,3_s42
0.49478503503476107,0.5029037723301771,0.6407163872223791,0,0,0,0,3_s43
0.2707869904034469,0.7073783588800386,0.6507403809375353,0,0,0,0,3_s44
0.5506755823396289,0.7069458178963244,0.6607643746526913,0,0,0,0,3_s45
0.36306176783708166,0.5373058496291416,0.6707883683678473,0,0,0,0,3_s46
0.3856442895673982,0.757250348792016,0.6808123620830034,0,0,0,0,3_s47
0.4915914522260985,0.6096351708139038,0.6908363557981595,0,0,0,0,3_s48
0.3690701619317824,0.6423949427993094,0.7008603495133154,0,0,0,0,3_s49
0.2924091333976696,0.6216701119696452,0.2352838110171473,0,0,0,0,4_s0
0.35016237928859834,0.5087576156506736,0.24530780473230338,0,0,0,0,4_s1
0.1835934466487884,0.5813512291726182,0.25533179844745946,0,0,0,0,4_s2
0.39389448357479123,0.6496082937707669,0.2653557921626155,0,0,0,0,4_s3
0.2674254832283739,0.43055977362679326,0.27537978587777157,0,0,0,0,4_s4
0.20823930715311892,0.704119287351522,0.2854037795929276,0,0,0,0,4_s5
0.45518540738555224,0.5280437236767694,0.2954277733080837,0,0,0,0,4_s6
0.13358773797208126,0.48931556930368614,0.30545176702323973,0,0,0,0,4_s7
0.3569920013911673,0.7486446139235547,0.31547576073839584,0,0,0,0,4_s8
0.36743117043065265,0.3900555418566146,0.32549975445355184,0,0,0,0,4_s9
0.10751003877736837,0.658326464317064,0.3355237481687079,0,0,0,0,4_s10
0.493662499167536,0.6349266610420402,0.345547741883864,0,0,0,0,4_s11
0.1835907368534857,0.38402819186488885,0.35557173559902006,0,0,0,0,4_s12
0.244631410660264,0.7891237853274594,0.3655957293141761,0,0,0,0,4_s13
0.4784573071483718,0.4410023335866858,0.3756197230293322,0,0,0,0,4_s14
0.06252973434448293,0.5420124063196903,0.3856437167444882,0,0,0,0,4_s15
0.4442862544309861,0.7520065582883031,0.3956677104596443,0,0,0,0,4_s16
0.30228644955301787,0.3329485006765825,0.4056917041748004,0,0,0,0,4_s17
0.12172033059310974,0.7433248839169758,0.4157156978899564,0,0,0,0,4_s18
0.5366083126313962,0.5605094067196752,0.42573969160511244,0,0,0,0,4_s19
0.10314531172223289,0.4138622772117554,0.43576368532026855,0,0,0,0,4_s20
0.32549676299112107,0.8177172213129772,0.4457876790354246,0,0,0,0,4_s21
0.4348172595602716,0.3671255217451602,0.4558116727505806,0,0,0,0,4_s22
0.04836022150940028,0.6267042766786061,0.46583566646573676,0,0,0,0,4_s23
0.5097978244068592,0.6963699008550657,0.47585966018089276,0,0,0,0,4_s24
0.21625830981312474,0.33310446631911406,0.48588365389604876,0,0,0,0,4_s25
0.1874912771211124,0.7988838329614611,0.4959076476112049,0,0,0,0,4_s26
0.5224220148755114,0.4755394759994994,0.5059316413263609,0,0,0,0,4_s27
0.058921179076174696,0.4878205957715644,0.5159556350415171,0,0,0,0,4_s28
0.4070916317967931,0.790006498170569,0.525979628756673,0,0,0,0,4_s29
0.35471961848692096,0.3354157745829,0.5360036224718291,0,0,0,0,4_s30
0.08887208451368665,0.7026740284357281,0.5460276161869853,0,0,0,0,4_s31
0.5280121264262595,0.612291934928584,0.5560516099021412,0,0,0,0,4_s32
0.14810739375345724,0.3854748404945539,0.5660756036172973,0,0,0,0,4_s33
0.27327042524217654,0.80281139537338,0.5760995973324534,0,0,0,0,4_s34
0.45935412980400725,0.41736148227362724,0.5861235910476095,0,0,0,0,4_s35
0.06989944039936875,0.5728868497585065,0.5961475847627654,0,0,0,0,4_s36
0.45315047189517,0.7176178089862478,0.6061715784779216,0,0,0,0,4_s37
0.27294442900991583,0.36178031556036233,0.6161955721930776,0,0,0,0,4_s38
0.16899254188565566,0.734413216177035,0.6262195659082337,0,0,0,0,4_s39
0.4858551981976855,0.5366094256355269,0.6362435596233897,0,0,0,0,4_s40
0.13306676970290127,0.4715292936731171,0.6462675533385458,0,0,0,0,4_s41
0.3397115316793934,0.7444009863144693,0.6562915470537017,0,0,0,0,4_s42
0.3693667611663134,0.4218401420115693,0.6663155407688579,0,0,0,0,4_s43
0.14536871653499922,0.6263147285614307,0.676339534484014,0,0,0,0,4_s44
0.4252573084711812,0.6258821875777164,0.68636352819917,0,0,0,0,4_s45
0.23764349396863393,0.45624221931053377,0.6963875219143261,0,0,0,0,4_s46
0.26022601569895054,0.676186718473408,0.7064115156294821,0,0,0,0,4_s47
0.36617317835765084,0.528571540495296,0.7164355093446382,0,0,0,0,4_s48
0.24365188806333468,0.5613313124807016,0.7264595030597942,0,0,0,0,4_s49
0.24404891188826935,0.529233946241515,0.22439708298066305,0,0,0,0,5_s0
0.301802157779198,0.41632144992254344,0.23442107669581919,0,0,0,0,5_s1
0.13523322513938807,0.488915063444488,0.24444507041097518,0,0,0,0,5_s2
0.3455342620653909,0.5571721280426367,0.25446906412613124,0,0,0,0,5_s3
0.21906526171897364,0.3381236078986631,0.26449305784128735,0,0,0,0,5_s4
0.15987908564371858,0.6116831216233918,0.27451705155644335,0,0,0,0,5_s5
0.40682518587615196,0.43560755794863926,0.28454104527159946,0,0,0,0,5_s6
0.08522751646268094,0.39687940357555596,0.2945650389867555,0,0,0,0,5_s7
0.30863177988176704,0.6562084481954246,0.3045890327019116,0,0,0,0,5_s8
0.3190709489212523,0.29761937612848444,0.3146130264170676,0,0,0,0,5_s9
0.05914981726796804,0.5658902985889339,0.3246370201322237,0,0,0,0,5_s10
0.4453022776581357,0.5424904953139101,0.33466101384737973,0,0,0,0,5_s11
0.13523051534408537,0.29159202613675866,0.3446850075625358,0,0,0,0,5_s12
0.19627118915086372,0.6966876195993292,0.3547090012776919,0,0,0,0,5_s13
0.43009708563897153,0.3485661678585556,0.36473299499284795,0,0,0,0,5_s14
0.014169512835082654,0.4495762405915601,0.37475698870800395,0,0,0,0,5_s15
0.3959260329215858,0.6595703925601729,0.38478098242316006,0,0,0,0,5_s16
0.2539262280436176,0.24051233494845234,0.3948049761383161,0,0,0,0,5_s17
0.07336010908370946,0.6508887181888456,0.4048289698534721,0,0,0,0,5_s18
0.48824809112199596,0.46807324099154507,0.4148529635686283,0,0,0,0,5_s19
0.05478509021283256,0.32142611148362527,0.4248769572837843,0,0,0,0,5_s20
0.27713654148172073,0.7252810555848471,0.4349009509989403,0,0,0,0,5_s21
0.3864570380508713,0.2746893560170301,0.44492494471409644,0,0,0,0,5_s22
0.0,0.5342681109504759,0.45494893842925244,0,0,0,0,5_s23
0.46143760289745894,0.6039337351269355,0.46497293214440855,0,0,0,0,5_s24
0.16789808830372446,0.2406683005909839,0.4749969258595646,0,0,0,0,5_s25
0.13913105561171207,0.7064476672333311,0.4850209195747206,0,0,0,0,5_s26
0.47406179336611115,0.38310331027136924,0.4950449132898767,0,0,0,0,5_s27
0.010560957566774415,0.3953844300434342,0.5050689070050327,0,0,0,0,5_s28
0.3587314102873928,0.6975703324424388,0.5150929007201888,0,0,0,0,5_s29
0.3063593969775206,0.24297960885476985,0.5251168944353449,0,0,0,0,5_s30
0.04051186300428637,0.6102378627075979,0.5351408881505009,0,0,0,0,5_s31
0.4796519049168592,0.519855769200454,0.545164881865657,0,0,0,0,5_s32
0.09974717224405696,0.29303867476642376,0.5551888755808131,0,0,0,0,5_s33
0.22491020373277623,0.7103752296452498,0.5652128692959691,0,0,0,0,5_s34
0.41099390829460686,0.3249253165454971,0.5752368630111252,0,0,0,0,5_s35
0.021539218889968466,0.48045068403037633,0.5852608567262813,0,0,0,0,5_s36
0.4047902503857697,0.6251816432581176,0.5952848504414373,0,0,0,0,5_s37
0.22458420750051558,0.2693441498322322,0.6053088441565934,0,0,0,0,5_s38
0.12063232037625532,0.6419770504489049,0.6153328378717494,0,0,0,0,5_s39
0.43749497668828524,0.44417325990739676,0.6253568315869055,0,0,0,0,5_s40
0.08470654819350094,0.37909312794498695,0.6353808253020616,0,0,0,0,5_s41
0.2913513101699931,0.6519648205863391,0.6454048190172176,0,0,0,0,5_s42
0.3210065396569131,0.3294039762834391,0.6554288127323736,0,0,0,0,5_s43
0.09700849502559895,0.5338785628333005,0.6654528064475297,0,0,0,0,5_s44
0.3768970869617809,0.5334460218495862,0.6754768001626859,0,0,0,0,5_s45
0.18928327245923365,0.3638060535824036,0.6855007938778418,0,0,0,0,5_s46
0.2118657941895503,0.5837505527452779,0.695524787592998,0,0,0,0,5_s47
0.3178129568482505,0.4361353747671658,0.705548781308154,0,0,0,0,5_s48
0.1952916665539344,0.4688951467525714,0.71557277502331,0,0,0,0,5_s49
0.2992884648646672,0.3941599502864269,0.1865617708081091,0,0,0,0,6_s0
0.35704171075559593,0.2812474539674553,0.19658576452326512,0,0,0,0,6_s1
0.19047277811578597,0.3538410674893999,0.20660975823842123,0,0,0,0,6_s2
0.40077381504178883,0.42209813208754865,0.21663375195357726,0,0,0,0,6_s3
0.27430481469537155,0.203049611943575,0.22665774566873334,0,0,0,0,6_s4
0.2151186386201165,0.4766091256683037,0.2366817393838894,0,0,0,0,6_s5
0.4620647388525498,0.3005335619935512,0.24670573309904542,0,0,0,0,6_s6
0.14046706943907883,0.26180540762046783,0.25672972681420153,0,0,0,0,6_s7
0.3638713328581649,0.5211344522403364,0.2667537205293576,0,0,0,0,6_s8
0.3743105018976502,0.1625453801733964,0.2767777142445136,0,0,0,0,6_s9
0.11438937024436593,0.43081630263384574,0.2868017079596697,0,0,0,0,6_s10
0.5005418306345336,0.407416499358822,0.29682570167482575,0,0,0,0,6_s11
0.19047006832048327,0.15651803018167057,0.3068496953899818,0,0,0,0,6_s12
0.2515107421272616,0.5616136236442412,0.31687368910513786,0,0,0,0,6_s13
0.48533663861536935,0.21349217190346753,0.32689768282029397,0,0,0,0,6_s14
0.06940906581148051,0.314502244636472,0.33692167653544997,0,0,0,0,6_s15
0.4511655858979837,0.5244963966050848,0.346945670250606,0,0,0,0,6_s16
0.3091657810200155,0.10543833899336427,0.35696966396576213,0,0,0,0,6_s17
0.1285996620601073,0.5158147222337576,0.3669936576809182,0,0,0,0,6_s18
0.5434876440983938,0.3329992450364569,0.3770176513960742,0,0,0,0,6_s19
0.11002464318923051,0.18635211552853717,0.3870416451112303,0,0,0,0,6_s20
0.33237609445811866,0.590207059629759,0.39706563882638635,0,0,0,0,6_s21
0.44169659102726927,0.13961536006194197,0.4070896325415424,0,0,0,0,6_s22
0.055239552976397856,0.39919411499538776,0.41711362625669846,0,0,0,0,6_s23
0.5166771558738569,0.4688597391718474,0.4271376199718545,0,0,0,0,6_s24
0.22313764128012237,0.10559430463589582,0.4371616136870106,0,0,0,0,6_s25
0.19437060858810998,0.5713736712782429,0.4471856074021666,0,0,0,0,6_s26
0.529301346342509,0.24802931431628117,0.4572096011173227,0,0,0,0,6_s27
0.06580051054317228,0.2603104340883461,0.4672335948324788,0,0,0,0,6_s28
0.4139709632637907,0.5624963364873508,0.47725758854763484,0,0,0,0,6_s29
0.3615989499539185,0.10790561289968173,0.48728158226279084,0,0,0,0,6_s30
0.09575141598068428,0.4751638667525099,0.49730557597794695,0,0,0,0,6_s31
0.5348914578932572,0.38478177324536583,0.5073295696931029,0,0,0,0,6_s32
0.1549867252204548,0.1579646788113356,0.5173535634082591,0,0,0,0,6_s33
0.28014975670917414,0.5753012336901616,0.5273775571234152,0,0,0,0,6_s34
0.46623346127100485,0.189851320590409,0.5374015508385712,0,0,0,0,6_s35
0.07677877186636632,0.34537668807528826,0.5474255445537272,0,0,0,0,6_s36
0.46002980336216764,0.4901076473030295,0.5574495382688833,0,0,0,0,6_s37
0.27982376047691343,0.1342701538771441,0.5674735319840394,0,0,0,0,6_s38
0.17587187335265328,0.5069030544938168,0.5774975256991954,0,0,0,0,6_s39
0.4927345296646831,0.3090992639523087,0.5875215194143515,0,0,0,0,6_s40
0.13994610116989886,0.2440191319898988,0.5975455131295075,0,0,0,0,6_s41
0.34659086314639104,0.516890824631251,0.6075695068446636,0,0,0,0,6_s42
0.376246092633311,0.19432998032835103,0.6175935005598197,0,0,0,0,6_s43
0.15224804800199682,0.3988045668782124,0.6276174942749757,0,0,0,0,6_s44
0.43213663993817875,0.3983720258944981,0.6376414879901318,0,0,0,0,6_s45
0.24452282543563156,0.22873205762731552,0.6476654817052878,0,0,0,0,6_s46
0.2671053471659482,0.4486765567901898,0.6576894754204439,0,0,0,0,6_s47
0.37305250982464844,0.3010613788120777,0.6677134691355999,0,0,0,0,6_s48
0.2505312195303323,0.3338211507974833,0.677737462850756,0,0,0,0,6_s49
0.40405258751262557,0.30285649436953016,0.1614611972808418,0,0,0,0,7_s0
0.4618058334035543,0.18994399805055862,0.17148519099599788,0,0,0,0,7_s1
0.2952369007637443,0.26253761157250316,0.18150918471115396,0,0,0,0,7_s2
0.5055379376897472,0.33079467617065195,0.19153317842631,0,0,0,0,7_s3
0.3790689373433299,0.11174615602667826,0.20155717214146604,0,0,0,0,7_s4
0.31988276126807486,0.38530566975140695,0.21158116585662212,0,0,0,0,7_s5
0.5668288615005082,0.2092301060766544,0.22160515957177818,0,0,0,0,7_s6
0.2452311920870372,0.17050195170357113,0.23162915328693426,0,0,0,0,7_s7
0.46863545550612323,0.42983099632343974,0.2416531470020903,0,0,0,0,7_s8
0.4790746245456086,0.07124192425649961,0.25167714071724634,0,0,0,0,7_s9
0.2191534928923243,0.33951284671694903,0.2617011344324024,0,0,0,0,7_s10
0.6053059532824919,0.31611304344192526,0.2717251281475585,0,0,0,0,7_s11
0.2952341909684416,0.06521457426477384,0.2817491218627145,0,0,0,0,7_s12
0.35627486477521997,0.4703101677273444,0.2917731155778706,0,0,0,0,7_s13
0.5901007612633278,0.12218871598657076,0.30179710929302667,0,0,0,0,7_s14
0.17417318845943888,0.22319878871957524,0.3118211030081827,0,0,0,0,7_s15
0.555929708545942,0.4331929406881881,0.3218450967233388,0,0,0,0,7_s16
0.41392990366797383,0.014134883076467496,0.3318690904384949,0,0,0,0,7_s17
0.23336378470806568,0.42451126631686076,0.3418930841536509,0,0,0,0,7_s18
0.6482517667463522,0.2416957891195602,0.35191707786880694,0,0,0,0,7_s19
0.21478876583718887,0.0950486596116404,0.36194107158396305,0,0,0,0,7_s20
0.43714021710607703,0.49890360371286224,0.37196506529911905,0,0,0,0,7_s21
0.5464607136752276,0.04831190414504524,0.3819890590142751,0,0,0,0,7_s22
0.16000367562435622,0.30789065907849106,0.3920130527294312,0,0,0,0,7_s23
0.6214412785218153,0.37755628325495066,0.40203704644458726,0,0,0,0,7_s24
0.32790176392808074,0.014290848718999053,0.41206104015974326,0,0,0,0,7_s25
0.2991347312360684,0.4800702153613462,0.42208503387489943,0,0,0,0,7_s26
0.6340654689904673,0.15672585839938438,0.43210902759005543,0,0,0,0,7_s27
0.17056463319113063,0.16900697817144938,0.44213302130521154,0,0,0,0,7_s28
0.518735085911749,0.471192880570454,0.4521570150203676,0,0,0,0,7_s29
0.4663630726018769,0.016602156982785058,0.4621810087355236,0,0,0,0,7_s30
0.20051553862864263,0.3838604108356131,0.4722050024506797,0,0,0,0,7_s31
0.6396555805412155,0.2934783173284691,0.48222899616583575,0,0,0,0,7_s32
0.2597508478684132,0.06666122289443889,0.49225298988099175,0,0,0,0,7_s33
0.3849138793571325,0.48399777777326497,0.5022769835961479,0,0,0,0,7_s34
0.5709975839189632,0.09854786467351226,0.5123009773113039,0,0,0,0,7_s35
0.18154289451432468,0.2540732321583915,0.5223249710264599,0,0,0,0,7_s36
0.564793926010126,0.39880419138613277,0.5323489647416161,0,0,0,0,7_s37
0.38458788312487185,0.04296669796024735,0.542372958456772,0,0,0,0,7_s38
0.2806359960006116,0.41559959857692,0.5523969521719282,0,0,0,0,7_s39
0.5974986523126414,0.21779580803541193,0.5624209458870842,0,0,0,0,7_s40
0.2447102238178572,0.15271567607300207,0.5724449396022403,0,0,0,0,7_s41
0.45135498579434935,0.4255873687143542,0.5824689333173962,0,0,0,0,7_s42
0.4810102152812693,0.10302652441145425,0.5924929270325524,0,0,0,0,7_s43
0.2570121706499552,0.3075011109613157,0.6025169207477085,0,0,0,0,7_s44
0.5369007625861372,0.3070685699776014,0.6125409144628645,0,0,0,0,7_s45
0.3492869480835899,0.13742860171041874,0.6225649081780206,0,0,0,0,7_s46
0.37186946981390656,0.3573731008732931,0.6325889018931766,0,0,0,0,7_s47
0.47781663247260675,0.20975792289518097,0.6426128956083327,0,0,0,0,7_s48
0.3552953421782907,0.24251769488058653,0.6526368893234887,0,0,0,0,7_s49
0.5016170185362022,0.2898035675610026,0.209348685634605,0,0,0,0,8_s0
0.5593702644271309,0.17689107124203104,0.21937267934976107,0,0,0,0,8_s1
0.3928013317873209,0.2494846847639756,0.22939667306491712,0,0,0,0,8_s2
0.6031023687133238,0.31774174936212435,0.2394206667800732,0,0,0,0,8_s3
0.4766333683669065,0.09869322921815067,0.24944466049522923,0,0,0,0,8_s4
0.41744719229165145,0.37225274294287936,0.2594686542103853,0,0,0,0,8_s5
0.6643932925240847,0.1961771792681268,0.26949264792554134,0,0,0,0,8_s6
0.3427956231106138,0.15744902489504356,0.27951664164069745,0,0,0,0,8_s7
0.5661998865296999,0.41677806951491214,0.2895406353558535,0,0,0,0,8_s8
0.5766390555691852,0.058188997447972034,0.2995646290710095,0,0,0,0,8_s9
0.3167179239159009,0.32645991990842144,0.3095886227861656,0,0,0,0,8_s10
0.7028703843060685,0.30306011663339766,0.31961261650132167,0,0,0,0,8_s11
0.39279862199201826,0.05216164745624626,0.32963661021647767,0,0,0,0,8_s12
0.45383929579879656,0.45725724091881687,0.33966060393163383,0,0,0,0,8_s13
0.6876651922869044,0.10913578917804317,0.34968459764678983,0,0,0,0,8_s14
0.27173761948301545,0.21014586191104764,0.3597085913619459,0,0,0,0,8_s15
0.6534941395695186,0.4201400138796605,0.369732585077102,0,0,0,0,8_s16
0.5114943346915505,0.0010819562679399164,0.37975657879225805,0,0,0,0,8_s17
0.3309282157316423,0.4114583395083332,0.38978057250741405,0,0,0,0,8_s18
0.7458161977699288,0.22864286231103262,0.39980456622257016,0,0,0,0,8_s19
0.3123531968607654,0.08199573280311281,0.4098285599377262,0,0,0,0,8_s20
0.5347046481296536,0.48585067690433464,0.4198525536528822,0,0,0,0,8_s21
0.6440251446988041,0.035258977336517665,0.4298765473680383,0,0,0,0,8_s22
0.25756810664793284,0.29483773226996346,0.43990054108319443,0,0,0,0,8_s23
0.7190057095453918,0.36450335644642307,0.44992453479835043,0,0,0,0,8_s24
0.42546619495165733,0.0012379219104714735,0.4599485285135065,0,0,0,0,8_s25
0.39669916225964497,0.4670172885528186,0.4699725222286626,0,0,0,0,8_s26
0.731629900014044,0.1436729315908568,0.4799965159438186,0,0,0,0,8_s27
0.2681290642147072,0.15595405136292181,0.49002050965897476,0,0,0,0,8_s28
0.6162995169353257,0.4581399537619264,0.5000445033741308,0,0,0,0,8_s29
0.5639275036254535,0.003549230174257477,0.5100684970892868,0,0,0,0,8_s30
0.2980799696522192,0.3708074840270855,0.5200924908044429,0,0,0,0,8_s31
0.7372200115647921,0.2804253905199415,0.5301164845195989,0,0,0,0,8_s32
0.3573152788919898,0.05360829608591131,0.540140478234755,0,0,0,0,8_s33
0.48247831038070904,0.4709448509647374,0.550164471949911,0,0,0,0,8_s34
0.6685620149425398,0.08549493786498467,0.5601884656650671,0,0,0,0,8_s35
0.2791073255379013,0.2410203053498639,0.5702124593802231,0,0,0,0,8_s36
0.6623583570337026,0.38575126457760517,0.5802364530953792,0,0,0,0,8_s37
0.48215231414844845,0.02991377115171977,0.5902604468105352,0,0,0,0,8_s38
0.37820042702418816,0.40254667176839243,0.6002844405256914,0,0,0,0,8_s39
0.6950630833362181,0.20474288122688436,0.6103084342408474,0,0,0,0,8_s40
0.3422746548414338,0.1396627492644745,0.6203324279560035,0,0,0,0,8_s41
0.548919416817926,0.41253444190582667,0.6303564216711595,0,0,0,0,8_s42
0.5785746463048459,0.08997359760292667,0.6403804153863155,0,0,0,0,8_s43
0.3545766016735318,0.2944481841527881,0.6504044091014717,0,0,0,0,8_s44
0.6344651936097137,0.2940156431690738,0.6604284028166277,0,0,0,0,8_s45
0.44685137910716655,0.12437567490189116,0.6704523965317837,0,0,0,0,8_s46
0.46943390083748315,0.3443201740647655,0.6804763902469398,0,0,0,0,8_s47
0.5753810634961833,0.1967049960866534,0.6905003839620959,0,0,0,0,8_s48
0.45285977320186727,0.22946476807205898,0.7005243776772518,0,0,0,0,8_s49
0.6478782691741667,0.3996982793608923,0.16263921120234956,0,0,0,0,9_s0
0.7056315150650952,0.2867857830419207,0.17266320491750559,0,0,0,0,9_s1
0.5390625824252854,0.3593793965638653,0.1826871986326617,0,0,0,0,9_s2
0.7493636193512881,0.42763646116201404,0.19271119234781772,0,0,0,0,9_s3
0.622894619004871,0.20858794101804037,0.2027351860629738,0,0,0,0,9_s4
0.5637084429296159,0.48214745474276904,0.2127591797781299,0,0,0,0,9_s5
0.8106545431620492,0.3060718910680165,0.22278317349328589,0,0,0,0,9_s6
0.4890568737485782,0.2673437366949332,0.23280716720844202,0,0,0,0,9_s7
0.7124611371676642,0.5266727813148019,0.24283116092359805,0,0,0,0,9_s8
0.7229003062071496,0.16808370924786173,0.2528551546387541,0,0,0,0,9_s9
0.4629791745538653,0.4363546317083111,0.2628791483539102,0,0,0,0,9_s10
0.849131634944033,0.41295482843328735,0.2729031420690662,0,0,0,0,9_s11
0.5390598726299827,0.16205635925613596,0.2829271357842223,0,0,0,0,9_s12
0.6001005464367609,0.5671519527187066,0.29295112949937835,0,0,0,0,9_s13
0.8339264429248688,0.21903050097793286,0.3029751232145344,0,0,0,0,9_s14
0.4179988701209799,0.32004057371093736,0.31299911692969046,0,0,0,0,9_s15
0.7997553902074831,0.5300347256795502,0.3230231106448465,0,0,0,0,9_s16
0.657755585329515,0.1109766680678296,0.33304710436000257,0,0,0,0,9_s17
0.4771894663696068,0.5213530513082228,0.3430710980751587,0,0,0,0,9_s18
0.8920774484078933,0.3385375741109223,0.3530950917903147,0,0,0,0,9_s19
0.45861444749872987,0.1918904446030025,0.3631190855054708,0,0,0,0,9_s20
0.680965898767618,0.5957453887042244,0.37314307922062684,0,0,0,0,9_s21
0.7902863953367686,0.14515368913640736,0.3831670729357829,0,0,0,0,9_s22
0.40382935728589725,0.40473244406985315,0.39319106665093895,0,0,0,0,9_s23
0.8652669601833562,0.47439806824631275,0.403215060366095,0,0,0,0,9_s24
0.5717274455896216,0.11113263371036117,0.41323905408125106,0,0,0,0,9_s25
0.5429604128976093,0.5769120003527083,0.4232630477964071,0,0,0,0,9_s26
0.8778911506520085,0.2535676433907465,0.43328704151156316,0,0,0,0,9_s27
0.4143903148526717,0.2658487631628115,0.4433110352267193,0,0,0,0,9_s28
0.7625607675732902,0.5680346655618163,0.4533350289418753,0,0,0,0,9_s29
0.7101887542634179,0.11344394197414712,0.4633590226570313,0,0,0,0,9_s30
0.4443412202901837,0.4807021958269752,0.47338301637218744,0,0,0,0,9_s31
0.8834812622027565,0.39032010231983116,0.48340701008734344,0,0,0,0,9_s32
0.5035765295299541,0.163503007885801,0.49343100380249955,0,0,0,0,9_s33
0.6287395610186735,0.580839562764627,0.5034549975176555,0,0,0,0,9_s34
0.8148232655805042,0.19538964966487438,0.5134789912328117,0,0,0,0,9_s35
0.4253685761758657,0.3509150171497536,0.5235029849479678,0,0,0,0,9_s36
0.8086196076716671,0.4956459763774949,0.5335269786631237,0,0,0,0,9_s37
0.6284135647864129,0.13980848295160947,0.5435509723782798,0,0,0,0,9_s38
0.5244616776621527,0.5124413835682822,0.5535749660934359,0,0,0,0,9_s39
0.8413243339741826,0.314637593026774,0.563598959808592,0,0,0,0,9_s40
0.48853590547939824,0.2495574610643642,0.573622953523748,0,0,0,0,9_s41
0.6951806674558904,0.5224291537057163,0.5836469472389041,0,0,0,0,9_s42
0.7248358969428104,0.19986830940281636,0.59367094095406,0,0,0,0,9_s43
0.5008378523114961,0.4043428959526778,0.6036949346692162,0,0,0,0,9_s44
0.7807264442476781,0.40391035496896355,0.6137189283843723,0,0,0,0,9_s45
0.593112629745131,0.23427038670178085,0.6237429220995283,0,0,0,0,9_s46
0.6156951514754476,0.45421488586465525,0.6337669158146844,0,0,0,0,9_s47
0.7216423141341478,0.306599707886543,0.6437909095298404,0,0,0,0,9_s48
0.5991210238398317,0.33935947987194864,0.6538149032449965,0,0,0,0,9_s49
0.44597345782450526,0.7481370698065674,0.40908684572060877,0,0,0,0,10_s0
0.5037267037154339,0.6352245734875959,0.4191108394357648,0,0,0,0,10_s1
0.33715777107562395,0.7078181870095402,0.4291348331509209,0,0,0,0,10_s2
0.5474588080016268,0.776075251607689,0.439158826866077,0,0,0,0,10_s3
0.42098980765520955,0.5570267314637154,0.449182820581233,0,0,0,0,10_s4
0.3618036315799545,0.8305862451884441,0.45920681429638904,0,0,0,0,10_s5
0.6087497318123879,0.6545106815136915,0.46923080801154515,0,0,0,0,10_s6
0.28715206239891683,0.6157825271406083,0.47925480172670126,0,0,0,0,10_s7
0.5105563258180029,0.8751115717604768,0.48927879544185726,0,0,0,0,10_s8
0.5209954948574882,0.5165224996935368,0.4993027891570133,0,0,0,0,10_s9
0.26107436320420396,0.7847934221539862,0.5093267828721694,0,0,0,0,10_s10
0.6472268235943717,0.7613936188789624,0.5193507765873254,0,0,0,0,10_s11
0.3371550612803213,0.5104951497018111,0.5293747703024815,0,0,0,0,10_s12
0.3981957350870996,0.9155907431643816,0.5393987640176375,0,0,0,0,10_s13
0.6320216315752074,0.5674692914236079,0.5494227577327936,0,0,0,0,10_s14
0.21609405877131857,0.6684793641566124,0.5594467514479496,0,0,0,0,10_s15
0.5978505788578218,0.8784735161252253,0.5694707451631057,0,0,0,0,10_s16
0.4558507739798535,0.4594154585135046,0.5794947388782619,0,0,0,0,10_s17
0.27528465501994537,0.8697918417538979,0.5895187325934178,0,0,0,0,10_s18
0.6901726370582318,0.6869763645565974,0.5995427263085739,0,0,0,0,10_s19
0.2567096361490685,0.5403292350486776,0.60956672002373,0,0,0,0,10_s20
0.4790610874179566,0.9441841791498994,0.619590713738886,0,0,0,0,10_s21
0.5883815839871072,0.4935924795820824,0.629614707454042,0,0,0,0,10_s22
0.2019245459362359,0.7531712345155281,0.6396387011691982,0,0,0,0,10_s23
0.6633621488336948,0.8228368586919877,0.6496626948843542,0,0,0,0,10_s24
0.36982263423996037,0.4595714241560362,0.6596866885995102,0,0,0,0,10_s25
0.34105560154794806,0.9253507907983833,0.6697106823146664,0,0,0,0,10_s26
0.6759863393023471,0.6020064338364215,0.6797346760298224,0,0,0,0,10_s27
0.21248550350301032,0.6142875536084865,0.6897586697449785,0,0,0,0,10_s28
0.5606559562236287,0.9164734560074912,0.6997826634601345,0,0,0,0,10_s29
0.5082839429137566,0.4618827324198221,0.7098066571752906,0,0,0,0,10_s30
0.2424364089405223,0.8291409862726503,0.7198306508904466,0,0,0,0,10_s31
0.6815764508530952,0.7387588927655062,0.7298546446056027,0,0,0,0,10_s32
0.30167171818029287,0.511941798331476,0.7398786383207588,0,0,0,0,10_s33
0.42683474966901214,0.9292783532103022,0.7499026320359148,0,0,0,0,10_s34
0.6129184542308429,0.5438284401105493,0.7599266257510708,0,0,0,0,10_s35
0.22346376482620436,0.6993538075954286,0.7699506194662269,0,0,0,0,10_s36
0.6067147963220056,0.8440847668231699,0.779974613181383,0,0,0,0,10_s37
0.4265087534367515,0.4882472733972845,0.789998606896539,0,0,0,0,10_s38
0.32255686631249125,0.8608801740139572,0.8000226006116952,0,0,0,0,10_s39
0.6394195226245212,0.6630763834724491,0.8100465943268511,0,0,0,0,10_s40
0.28663109412973686,0.5979962515100392,0.8200705880420073,0,0,0,0,10_s41
0.49327585610622904,0.8708679441513913,0.8300945817571633,0,0,0,0,10_s42
0.522931085593149,0.5483070998484914,0.8401185754723193,0,0,0,0,10_s43
0.2989330409618349,0.7527816863983527,0.8501425691874753,0,0,0,0,10_s44
0.5788216328980168,0.7523491454146386,0.8601665629026315,0,0,0,0,10_s45
0.3912078183954696,0.5827091771474558,0.8701905566177875,0,0,0,0,10_s46
0.4137903401257862,0.8026536763103302,0.8802145503329437,0,0,0,0,10_s47
0.5197375027844865,0.655038498332218,0.8902385440480997,0,0,0,0,10_s48
0.3972162124901703,0.6877982703176236,0.9002625377632556,0,0,0,0,10_s49
0.41396118568560314,0.8039528906566678,0.334659378522786,0,0,0,0,11_s0
0.47171443157653176,0.6910403943376963,0.3446833722379421,0,0,0,0,11_s1
0.3051454989367218,0.7636340078596408,0.35470736595309815,0,0,0,0,11_s2
0.5154465358627247,0.8318910724577895,0.3647313596682542,0,0,0,0,11_s3
0.3889775355163074,0.6128425523138158,0.37475535338341026,0,0,0,0,11_s4
0.32979135944105237,0.8864020660385447,0.3847793470985663,0,0,0,0,11_s5
0.5767374596734857,0.710326502363792,0.3948033408137224,0,0,0,0,11_s6
0.2551397902600147,0.6715983479907087,0.4048273345288784,0,0,0,0,11_s7
0.4785440536791008,0.9309273926105773,0.4148513282440346,0,0,0,0,11_s8
0.4889832227185861,0.5723383205436372,0.4248753219591906,0,0,0,0,11_s9
0.22906209106530181,0.8406092430040866,0.4348993156743466,0,0,0,0,11_s10
0.6152145514554695,0.8172094397290628,0.44492330938950275,0,0,0,0,11_s11
0.3051427891414192,0.5663109705519115,0.45494730310465875,0,0,0,0,11_s12
0.3661834629481975,0.971406564014482,0.46497129681981475,0,0,0,0,11_s13
0.6000093594363053,0.6232851122737083,0.4749952905349709,0,0,0,0,11_s14
0.18408178663241645,0.7242951850067129,0.4850192842501269,0,0,0,0,11_s15
0.5658383067189197,0.9342893369753256,0.495043277965283,0,0,0,0,11_s16
0.4238385018409514,0.515231279363605,0.5050672716804391,0,0,0,0,11_s17
0.24327238288104325,0.9256076626039983,0.5150912653955951,0,0,0,0,11_s18
0.6581603649193297,0.7427921854066978,0.5251152591107512,0,0,0,0,11_s19
0.2246973640101664,0.596145055898778,0.5351392528259072,0,0,0,0,11_s20
0.4470488152790545,1.0,0.5451632465410633,0,0,0,0,11_s21
0.556369311848205,0.5494083004321828,0.5551872402562193,0,0,0,0,11_s22
0.16991227379733378,0.8089870553656285,0.5652112339713754,0,0,0,0,11_s23
0.6313498766947927,0.8786526795420881,0.5752352276865315,0,0,0,0,11_s24
0.33781036210105825,0.5153872450061366,0.5852592214016875,0,0,0,0,11_s25
0.3090433294090459,0.9811666116484837,0.5952832151168436,0,0,0,0,11_s26
0.643974067163445,0.657822254686522,0.6053072088319996,0,0,0,0,11_s27
0.1804732313641082,0.6701033744585869,0.6153312025471558,0,0,0,0,11_s28
0.5286436840847266,0.9722892768575918,0.6253551962623117,0,0,0,0,11_s29
0.4762716707748544,0.5176985532699225,0.6353791899774678,0,0,0,0,11_s30
0.21042413680162017,0.8849568071227508,0.6454031836926238,0,0,0,0,11_s31
0.649564178714193,0.7945747136156066,0.65542717740778,0,0,0,0,11_s32
0.26965944604139075,0.5677576191815765,0.665451171122936,0,0,0,0,11_s33
0.39482247753011,0.9850941740604023,0.6754751648380921,0,0,0,0,11_s34
0.5809061820919408,0.5996442609606498,0.6854991585532482,0,0,0,0,11_s35
0.19145149268730224,0.755169628445529,0.6955231522684041,0,0,0,0,11_s36
0.5747025241831035,0.8999005876732703,0.7055471459835603,0,0,0,0,11_s37
0.39449648129784937,0.544063094247385,0.7155711396987163,0,0,0,0,11_s38
0.29054459417358913,0.9166959948640576,0.7255951334138723,0,0,0,0,11_s39
0.607407250485619,0.7188922043225495,0.7356191271290284,0,0,0,0,11_s40
0.25461882199083474,0.6538120723601397,0.7456431208441846,0,0,0,0,11_s41
0.4612635839673269,0.9266837650014919,0.7556671145593404,0,0,0,0,11_s42
0.49091881345424687,0.6041229206985919,0.7656911082744966,0,0,0,0,11_s43
0.26692076882293275,0.8085975072484533,0.7757151019896527,0,0,0,0,11_s44
0.5468093607591147,0.808164966264739,0.7857390957048087,0,0,0,0,11_s45
0.35919554625656747,0.6385249979975564,0.7957630894199648,0,0,0,0,11_s46
0.3817780679868841,0.8584694971604306,0.8057870831351209,0,0,0,0,11_s47
0.4877252306455843,0.7108543191823186,0.8158110768502769,0,0,0,0,11_s48
0.3652039403512682,0.7436140911677241,0.8258350705654329,0,0,0,0,11_s49
0.4638590816047568,0.7768870151647125,0.2773611312825736,0,0,0,0,12_s0
0.5216123274956855,0.663974518845741,0.2873851249977296,0,0,0,0,12_s1
0.3550433948558756,0.7365681323676855,0.2974091187128857,0,0,0,0,12_s2
0.5653444317818784,0.8048251969658342,0.3074331124280418,0,0,0,0,12_s3
0.43887543143546115,0.5857766768218605,0.31745710614319783,0,0,0,0,12_s4
0.3796892553602061,0.8593361905465893,0.3274810998583539,0,0,0,0,12_s5
0.6266353555926395,0.6832606268718368,0.33750509357350994,0,0,0,0,12_s6
0.30503768617916843,0.6445324724987535,0.34752908728866605,0,0,0,0,12_s7
0.5284419495982545,0.903861517118622,0.35755308100382205,0,0,0,0,12_s8
0.5388811186377398,0.5452724450516819,0.3675770747189781,0,0,0,0,12_s9
0.2789599869844555,0.8135433675121314,0.3776010684341342,0,0,0,0,12_s10
0.6651124473746232,0.7901435642371076,0.3876250621492902,0,0,0,0,12_s11
0.35504068506057285,0.5392450950599562,0.3976490558644463,0,0,0,0,12_s12
0.4160813588673512,0.9443406885225268,0.4076730495796024,0,0,0,0,12_s13
0.6499072553554589,0.596219236781753,0.41769704329475843,0,0,0,0,12_s14
0.23397968255157015,0.6972293095147575,0.4277210370099145,0,0,0,0,12_s15
0.6157362026380733,0.9072234614833704,0.43774503072507054,0,0,0,0,12_s16
0.4737363977601051,0.48816540387164975,0.44776902444022665,0,0,0,0,12_s17
0.29317027880019697,0.898541787112043,0.4577930181553827,0,0,0,0,12_s18
0.7080582608384834,0.7157263099147425,0.4678170118705387,0,0,0,0,12_s19
0.2745952599293201,0.5690791804068228,0.4778410055856948,0,0,0,0,12_s20
0.49694671119820827,0.9729341245080446,0.48786499930085087,0,0,0,0,12_s21
0.6062672077673589,0.5223424249402275,0.49788899301600686,0,0,0,0,12_s22
0.21981016971648748,0.7819211798736734,0.507912986731163,0,0,0,0,12_s23
0.6812477726139464,0.8515868040501329,0.517936980446319,0,0,0,0,12_s24
0.3877082580202119,0.4883213695141813,0.5279609741614751,0,0,0,0,12_s25
0.3589412253281996,0.9541007361565286,0.5379849678766312,0,0,0,0,12_s26
0.6938719630825986,0.6307563791945667,0.5480089615917871,0,0,0,0,12_s27
0.2303711272832619,0.6430374989666316,0.5580329553069433,0,0,0,0,12_s28
0.5785415800038802,0.9452234013656364,0.5680569490220994,0,0,0,0,12_s29
0.5261695666940082,0.4906326777779673,0.5780809427372553,0,0,0,0,12_s30
0.2603220327207739,0.8578909316307954,0.5881049364524115,0,0,0,0,12_s31
0.6994620746333468,0.7675088381236514,0.5981289301675675,0,0,0,0,12_s32
0.3195573419605444,0.5406917436896211,0.6081529238827235,0,0,0,0,12_s33
0.4447203734492637,0.9580282985684472,0.6181769175978796,0,0,0,0,12_s34
0.6308040780110944,0.5725783854686946,0.6282009113130358,0,0,0,0,12_s35
0.24134938860645594,0.7281037529535738,0.6382249050281916,0,0,0,0,12_s36
0.6246004201022572,0.8728347121813151,0.6482488987433478,0,0,0,0,12_s37
0.4443943772170031,0.5169972187554297,0.658272892458504,0,0,0,0,12_s38
0.34044249009274286,0.8896301193721023,0.6682968861736599,0,0,0,0,12_s39
0.6573051464047727,0.6918263288305943,0.678320879888816,0,0,0,0,12_s40
0.3045167179099884,0.6267461968681843,0.6883448736039721,0,0,0,0,12_s41
0.5111614798864806,0.8996178895095365,0.6983688673191281,0,0,0,0,12_s42
0.5408167093734007,0.5770570452066366,0.7083928610342841,0,0,0,0,12_s43
0.3168186647420864,0.781531631756498,0.7184168547494403,0,0,0,0,12_s44
0.5967072566782684,0.7810990907727838,0.7284408484645962,0,0,0,0,12_s45
0.4090934421757212,0.6114591225056011,0.7384648421797524,0,0,0,0,12_s46
0.43167596390603774,0.8314036216684755,0.7484888358949084,0,0,0,0,12_s47
0.537623126564738,0.6837884436903633,0.7585128296100644,0,0,0,0,12_s48
0.4151018362704219,0.7165482156757689,0.7685368233252206,0,0,0,0,12_s49
0.42100684018000867,0.6682763983442579,0.276121391680772,0,0,0,0,13_s0
0.47876008607093734,0.5553639020252864,0.28614538539592804,0,0,0,0,13_s1
0.31219115343112747,0.627957515547231,0.2961693791110841,0,0,0,0,13_s2
0.5224921903571302,0.6962145801453796,0.3061933728262402,0,0,0,0,13_s3
0.396023190010713,0.477166060001406,0.3162173665413962,0,0,0,0,13_s4
0.33683701393545795,0.7507255737261347,0.32624136025655226,0,0,0,0,13_s5
0.5837831141678912,0.5746500100513823,0.33626535397170837,0,0,0,0,13_s6
0.2621854447544203,0.5359218556782989,0.3462893476868644,0,0,0,0,13_s7
0.48558970817350633,0.7952509002981675,0.3563133414020205,0,0,0,0,13_s8
0.4960288772129917,0.43666182823122734,0.36633733511717653,0,0,0,0,13_s9
0.23610774555970737,0.7049327506916768,0.3763613288323326,0,0,0,0,13_s10
0.6222602059498751,0.6815329474166529,0.38638532254748864,0,0,0,0,13_s11
0.3121884436358247,0.43063447823950163,0.3964093162626447,0,0,0,0,13_s12
0.37322911744260306,0.8357300717020721,0.4064333099778008,0,0,0,0,13_s13
0.6070550139307109,0.4876086199612985,0.4164573036929568,0,0,0,0,13_s14
0.191127441126822,0.588618692694303,0.4264812974081129,0,0,0,0,13_s15
0.5728839612133252,0.7986128446629158,0.43650529112326897,0,0,0,0,13_s16
0.430884156335357,0.3795547870511952,0.44652928483842497,0,0,0,0,13_s17
0.25031803737544883,0.7899311702915885,0.456553278553581,0,0,0,0,13_s18
0.6652060194137354,0.6071156930942879,0.46657727226873713,0,0,0,0,13_s19
0.23174301850457193,0.46046856358636823,0.47660126598389313,0,0,0,0,13_s20
0.45409446977346013,0.86432350768759,0.4866252596990493,0,0,0,0,13_s21
0.5634149663426107,0.413731808119773,0.4966492534142053,0,0,0,0,13_s22
0.17695792829173934,0.6733105630532188,0.5066732471293615,0,0,0,0,13_s23
0.6383955311891983,0.7429761872296784,0.5166972408445174,0,0,0,0,13_s24
0.3448560165954638,0.3797107526937268,0.5267212345596735,0,0,0,0,13_s25
0.31608898390345147,0.8454901193360739,0.5367452282748296,0,0,0,0,13_s26
0.6510197216578505,0.5221457623741121,0.5467692219899856,0,0,0,0,13_s27
0.18751888585851376,0.5344268821461771,0.5567932157051417,0,0,0,0,13_s28
0.5356893385791323,0.8366127845451818,0.5668172094202978,0,0,0,0,13_s29
0.48331732526925997,0.3820220609575128,0.5768412031354537,0,0,0,0,13_s30
0.21746979129602576,0.7492803148103409,0.5868651968506098,0,0,0,0,13_s31
0.6566098332085986,0.6588982213031969,0.596889190565766,0,0,0,0,13_s32
0.2767051005357963,0.4320811268691666,0.606913184280922,0,0,0,0,13_s33
0.40186813202451555,0.8494176817479927,0.6169371779960781,0,0,0,0,13_s34
0.5879518365863463,0.46396776864824,0.6269611717112341,0,0,0,0,13_s35
0.1984971471817078,0.6194931361331192,0.63698516542639,0,0,0,0,13_s36
0.581748178677509,0.7642240953608606,0.6470091591415462,0,0,0,0,13_s37
0.4015421357922549,0.4083866019349751,0.6570331528567023,0,0,0,0,13_s38
0.2975902486679947,0.7810195025516478,0.6670571465718583,0,0,0,0,13_s39
0.6144529049800246,0.5832157120101397,0.6770811402870144,0,0,0,0,13_s40
0.26166447648524027,0.5181355800477299,0.6871051340021705,0,0,0,0,13_s41
0.4683092384617325,0.791007272689082,0.6971291277173265,0,0,0,0,13_s42
0.4979644679486524,0.46844642838618206,0.7071531214324825,0,0,0,0,13_s43
0.2739664233173383,0.6729210149360435,0.7171771151476386,0,0,0,0,13_s44
0.5538550152535202,0.6724884739523291,0.7272011088627947,0,0,0,0,13_s45
0.36624120075097305,0.5028485056851465,0.7372251025779508,0,0,0,0,13_s46
0.3888237224812896,0.7227930048480209,0.7472490962931069,0,0,0,0,13_s47
0.49477088513998985,0.5751778268699087,0.7572730900082628,0,0,0,0,13_s48
0.37224959484567377,0.6079375988553143,0.767297083723419,0,0,0,0,13_s49
0.4223961785057828,0.6573805798250013,0.3446693350869483,0,0,0,0,14_s0
0.4801494243967115,0.5444680835060298,0.3546933288021044,0,0,0,0,14_s1
0.3135804917569016,0.6170616970279743,0.36471732251726047,0,0,0,0,14_s2
0.5238815286829044,0.685318761626123,0.3747413162324165,0,0,0,0,14_s3
0.39741252833648716,0.46627024148214935,0.3847653099475726,0,0,0,0,14_s4
0.3382263522612321,0.7398297552068781,0.39478930366272863,0,0,0,0,14_s5
0.5851724524936655,0.5637541915321255,0.4048132973778847,0,0,0,0,14_s6
0.26357478308019444,0.5250260371590423,0.4148372910930408,0,0,0,0,14_s7
0.4869790464992806,0.7843550817789108,0.42486128480819685,0,0,0,0,14_s8
0.49741821553876586,0.42576600971197076,0.43488527852335285,0,0,0,0,14_s9
0.23749708388548152,0.6940369321724201,0.4449092722385089,0,0,0,0,14_s10
0.6236495442756492,0.6706371288973965,0.454933265953665,0,0,0,0,14_s11
0.31357778196159886,0.419738659720245,0.464957259668821,0,0,0,0,14_s12
0.3746184557683772,0.8248342531828157,0.4749812533839772,0,0,0,0,14_s13
0.608444352256485,0.47671280144204187,0.4850052470991332,0,0,0,0,14_s14
0.19251677945259613,0.5777228741750463,0.4950292408142892,0,0,0,0,14_s15
0.5742732995390993,0.7877170261436592,0.5050532345294453,0,0,0,0,14_s16
0.43227349466113113,0.3686589685319386,0.5150772282446013,0,0,0,0,14_s17
0.2517073757012229,0.7790353517723319,0.5251012219597575,0,0,0,0,14_s18
0.6665953577395094,0.5962198745750313,0.5351252156749134,0,0,0,0,14_s19
0.23313235683034608,0.4495727450671115,0.5451492093900695,0,0,0,0,14_s20
0.4554838080992343,0.8534276891683334,0.5551732031052257,0,0,0,0,14_s21
0.5648043046683848,0.40283598960051636,0.5651971968203816,0,0,0,0,14_s22
0.1783472666175135,0.6624147445339622,0.5752211905355377,0,0,0,0,14_s23
0.6397848695149725,0.7320803687104217,0.5852451842506938,0,0,0,0,14_s24
0.3462453549212379,0.36881493417447014,0.5952691779658498,0,0,0,0,14_s25
0.3174783222292256,0.8345943008168173,0.6052931716810059,0,0,0,0,14_s26
0.6524090599836246,0.5112499438548556,0.615317165396162,0,0,0,0,14_s27
0.1889082241842879,0.5235310636269205,0.625341159111318,0,0,0,0,14_s28
0.5370786769049063,0.8257169660259251,0.635365152826474,0,0,0,0,14_s29
0.4847066635950341,0.37112624243825615,0.6453891465416302,0,0,0,0,14_s30
0.2188591296217999,0.7383844962910843,0.6554131402567862,0,0,0,0,14_s31
0.6579991715343727,0.6480024027839402,0.6654371339719423,0,0,0,0,14_s32
0.2780944388615704,0.42118530834990997,0.6754611276870983,0,0,0,0,14_s33
0.4032574703502897,0.8385218632287361,0.6854851214022544,0,0,0,0,14_s34
0.5893411749121203,0.4530719501289834,0.6955091151174105,0,0,0,0,14_s35
0.19988648550748195,0.6085973176138626,0.7055331088325665,0,0,0,0,14_s36
0.5831375170032832,0.753328276841604,0.7155571025477225,0,0,0,0,14_s37
0.40293147411802904,0.3974907834157185,0.7255810962628786,0,0,0,0,14_s38
0.29897958699376886,0.7701236840323912,0.7356050899780348,0,0,0,0,14_s39
0.6158422433057987,0.5723198934908831,0.7456290836931907,0,0,0,0,14_s40
0.2630538148110144,0.5072397615284732,0.7556530774083469,0,0,0,0,14_s41
0.46969857678750665,0.7801114541698253,0.7656770711235028,0,0,0,0,14_s42
0.49935380627442666,0.45755060986692536,0.7757010648386589,0,0,0,0,14_s43
0.27535576164311243,0.6620251964167868,0.785725058553815,0,0,0,0,14_s44
0.5552443535792945,0.6615926554330726,0.7957490522689711,0,0,0,0,14_s45
0.3676305390767472,0.49195268716588986,0.805773045984127,0,0,0,0,14_s46
0.39021306080706375,0.7118971863287642,0.8157970396992832,0,0,0,0,14_s47
0.496160223465764,0.564282008350652,0.8258210334144392,0,0,0,0,14_s48
0.3736389331714479,0.5970417803360577,0.8358450271295952,0,0,0,0,14_s49
